3.1062,2.7725,2.4622,2.3013,2.1621,2.0871,2.0347,1.9484,1.9694,1.9898,1.9966,1.9792,1.9133,1.8933,1.848,1.7434,1.7067,1.6841,1.7018,1.6979,1.7701,1.8394,1.812,1.7408,1.6641,1.5716,1.5602,1.5401,1.5161,1.5031,1.4937,1.4698,1.4558,1.4054,1.3855,1.3325,1.3398,1.3111,1.3027,1.299,1.3079,1.3398,1.3184,1.3146,1.2859,1.2798,1.3067,1.3113,1.3027,1.2918,1.3024,1.2824,1.2809,1.2823,1.2978,1.2851,1.3136,1.3318,1.3509,1.3959,1.4303,1.4247,1.4231,1.4385,1.4693,1.4805,1.5366,1.6127,1.6618,1.7455,1.8203,1.8943,1.9277,2.0118,1.9926,2.0034,2.0016,1.999,1.9728,2.0195,2.0028,2.0075,2.0368,2.016,2.0459,2.0722,2.0939,2.1411,2.1887,2.1493,2.2139,2.2818
3.4384,2.8011,2.7259,2.3265,2.1804,2.1205,2.0859,1.9993,1.9822,1.9467,2.0174,2.0005,1.9456,1.9117,1.8726,1.7979,1.7533,1.7028,1.7349,1.6948,1.7008,1.7777,1.8107,1.7881,1.7109,1.6808,1.5985,1.5637,1.5556,1.5254,1.5085,1.5116,1.4621,1.4337,1.4015,1.3535,1.3561,1.3277,1.3387,1.3204,1.3331,1.3165,1.3305,1.3377,1.3055,1.28,1.2815,1.2942,1.2906,1.3024,1.3065,1.2868,1.2638,1.2739,1.2793,1.3116,1.3328,1.3228,1.3529,1.3827,1.3701,1.4017,1.4274,1.4287,1.4498,1.4733,1.538,1.5652,1.6391,1.6811,1.7476,1.8089,1.8925,1.916,1.988,2.0447,2.0166,2.0582,1.9936,2.0069,1.9886,2.0134,2.0275,2.0485,2.0731,2.0733,2.095,2.1188,2.1714,2.1884,2.1788,2.2138
3.2843,2.6722,2.7108,2.4125,2.1729,2.1365,2.162,2.0491,1.9604,1.9342,1.9934,2.0182,1.9801,1.9632,1.878,1.8364,1.7634,1.7235,1.7367,1.704,1.7077,1.7348,1.806,1.7827,1.7421,1.6821,1.6487,1.587,1.5772,1.5675,1.5394,1.5194,1.4658,1.4433,1.4072,1.3794,1.3474,1.3755,1.3353,1.3485,1.3279,1.3321,1.3229,1.3236,1.3043,1.2955,1.2918,1.2699,1.273,1.289,1.2988,1.2868,1.2715,1.2719,1.2846,1.3177,1.3335,1.3456,1.3583,1.3736,1.3555,1.3908,1.4197,1.4068,1.4318,1.4643,1.4883,1.5454,1.6124,1.6442,1.6811,1.7643,1.8217,1.8824,1.935,2.0122,2.0261,2.0717,2.0665,2.0659,2.0399,2.0437,2.1069,2.0611,2.0847,2.1112,2.1122,2.1137,2.1475,2.1708,2.1436,2.2099
3.7283,2.7816,2.7358,2.3976,2.2146,2.1601,2.1711,2.0828,1.9588,1.9399,2.0056,2.0591,1.9959,1.9537,1.9246,1.8401,1.7648,1.7549,1.7502,1.7049,1.6861,1.7316,1.7688,1.7858,1.7576,1.7124,1.6524,1.6147,1.5818,1.5831,1.5525,1.5407,1.4971,1.4467,1.4253,1.3982,1.3888,1.3825,1.3698,1.346,1.3346,1.3324,1.3415,1.3247,1.2991,1.3024,1.2833,1.2828,1.2788,1.287,1.2933,1.2948,1.2812,1.2702,1.296,1.2966,1.3399,1.3479,1.3737,1.3762,1.374,1.3857,1.3955,1.3933,1.3916,1.4502,1.442,1.5077,1.5575,1.6136,1.6489,1.6919,1.8108,1.8286,1.9111,1.9774,2.0206,2.0609,2.0631,2.0698,2.0706,2.1435,2.133,2.1587,2.1278,2.1395,2.1287,2.1366,2.1673,2.1806,2.1338,2.2282
4.0035,2.7709,2.8803,2.4438,2.285,2.1692,2.1818,2.1,2.0106,1.945,1.9725,2.0529,1.9926,1.9107,1.8734,1.8471,1.8252,1.7738,1.7417,1.7209,1.6968,1.7159,1.7459,1.7645,1.7693,1.7311,1.7015,1.6327,1.6022,1.5919,1.5669,1.5432,1.4941,1.4466,1.4375,1.4037,1.4144,1.4087,1.3905,1.383,1.3376,1.336,1.3483,1.3221,1.3087,1.3049,1.294,1.288,1.2912,1.2831,1.2965,1.2962,1.2846,1.2838,1.2741,1.2919,1.3083,1.3681,1.3523,1.3702,1.3856,1.3962,1.3919,1.3925,1.3818,1.4027,1.4274,1.495,1.5211,1.5577,1.5738,1.6238,1.7547,1.8122,1.8816,1.9337,2.019,2.0501,2.0705,2.0921,2.1305,2.1338,2.1948,2.1576,2.1787,2.1473,2.1649,2.1849,2.1746,2.1641,2.1552,2.2122
3.9518,3.3884,2.875,2.5561,2.308,2.2316,2.228,2.1334,2.0665,1.9796,1.9584,2.0204,1.9902,1.9207,1.8901,1.85,1.8257,1.8011,1.7445,1.693,1.7034,1.7055,1.734,1.7446,1.7567,1.7593,1.7363,1.666,1.6045,1.5841,1.5729,1.5532,1.526,1.5025,1.4377,1.4315,1.4153,1.4013,1.4015,1.4073,1.3655,1.368,1.3455,1.3346,1.3234,1.3067,1.2921,1.3035,1.3049,1.2893,1.2931,1.3034,1.2888,1.28,1.2879,1.2878,1.3067,1.338,1.3544,1.3815,1.3859,1.4063,1.3994,1.3945,1.3809,1.3805,1.4036,1.4567,1.4963,1.5258,1.55,1.6132,1.6788,1.7787,1.8411,1.9165,1.975,2.006,2.0603,2.081,2.1401,2.1473,2.1884,2.1458,2.1557,2.1152,2.1578,2.1839,2.1771,2.1738,2.1733,2.1805
4.1753,3.2934,2.8933,2.563,2.4351,2.2337,2.1898,2.1062,2.0776,2.0349,1.9571,1.9741,2.0143,1.9552,1.8756,1.8486,1.8259,1.8152,1.7695,1.6952,1.6676,1.6994,1.7038,1.7354,1.747,1.7545,1.7152,1.6953,1.6212,1.574,1.5925,1.5771,1.5585,1.5242,1.4746,1.4298,1.424,1.4051,1.421,1.413,1.4136,1.3828,1.3498,1.3273,1.333,1.3157,1.3132,1.3371,1.3231,1.316,1.2951,1.3101,1.2976,1.2841,1.2848,1.2896,1.3104,1.3286,1.3517,1.3885,1.4017,1.413,1.4101,1.4026,1.4222,1.3864,1.3985,1.4376,1.4631,1.4992,1.5222,1.5799,1.6495,1.7045,1.7972,1.8661,1.9481,1.9979,2.0523,2.0709,2.0729,2.1239,2.1568,2.1132,2.1039,2.1031,2.1676,2.159,2.1768,2.1681,2.1531,2.1478
NaN,3.1443,2.9483,2.7411,2.4232,2.3225,2.2624,2.1208,2.0907,2.0494,2.0132,1.9873,2.012,1.9946,1.9351,1.8823,1.8349,1.8147,1.7669,1.7092,1.6803,1.6698,1.7039,1.7249,1.7412,1.747,1.705,1.6744,1.6532,1.5831,1.5883,1.5874,1.5557,1.5592,1.5092,1.4803,1.4465,1.4318,1.4331,1.4274,1.4186,1.4147,1.3592,1.3446,1.3242,1.3145,1.3111,1.3357,1.3384,1.3425,1.3133,1.32,1.3176,1.2884,1.304,1.2943,1.3119,1.319,1.3568,1.3801,1.401,1.4156,1.4106,1.4351,1.4172,1.4038,1.4083,1.4231,1.4571,1.471,1.5162,1.5528,1.5782,1.6817,1.7405,1.8492,1.8685,1.9646,2.0017,2.0916,2.1138,2.1088,2.1376,2.1058,2.0924,2.1222,2.1755,2.1693,2.1609,2.146,2.1589,2.1233
NaN,3.2876,3.0637,2.8662,2.4931,2.4014,2.266,2.1953,2.0965,2.0527,2.0175,1.9844,2.0157,1.9792,1.9423,1.886,1.8414,1.8259,1.7893,1.745,1.6979,1.6691,1.6766,1.7125,1.7353,1.7352,1.7177,1.6925,1.6657,1.6229,1.5965,1.5902,1.5825,1.5725,1.5409,1.5147,1.465,1.4678,1.4437,1.4333,1.44,1.4263,1.3752,1.3488,1.3491,1.3325,1.31,1.3459,1.333,1.3414,1.3318,1.3196,1.3279,1.3169,1.333,1.3156,1.3287,1.3155,1.3482,1.3743,1.398,1.4167,1.4397,1.4348,1.4338,1.413,1.4473,1.4419,1.4422,1.451,1.5022,1.5325,1.5683,1.6269,1.7003,1.7286,1.8669,1.9177,1.9906,2.0514,2.0972,2.0926,2.1268,2.1092,2.1196,2.138,2.1749,2.1372,2.1444,2.1623,2.1191,2.107
NaN,3.4835,3.1606,2.9476,2.6091,2.4155,2.2835,2.2299,2.1427,2.1099,2.0195,1.9771,2.0061,2.0171,1.9604,1.8951,1.8858,1.8289,1.7922,1.7415,1.7321,1.6777,1.666,1.677,1.7116,1.7463,1.7229,1.6966,1.6783,1.6305,1.6246,1.6038,1.5808,1.5705,1.5614,1.5258,1.55,1.4816,1.4591,1.4412,1.4632,1.4403,1.4289,1.3775,1.3524,1.3511,1.3357,1.3458,1.3311,1.3445,1.3388,1.3523,1.3438,1.3465,1.3281,1.361,1.3646,1.3502,1.3791,1.3784,1.3943,1.413,1.4357,1.4564,1.4382,1.4557,1.4565,1.4448,1.4685,1.4455,1.4842,1.5084,1.564,1.5916,1.6418,1.6539,1.7597,1.8818,1.9447,2.0119,2.0253,2.0847,2.0697,2.1258,2.1339,2.1321,2.1847,2.1506,2.1328,2.1166,2.0785,2.0574
NaN,3.5483,3.1526,2.7787,2.6118,2.4151,2.3017,2.2568,2.2089,2.1114,2.0599,1.9949,2.0036,2.0327,1.9693,1.9285,1.8951,1.8401,1.7913,1.7884,1.7335,1.6883,1.6795,1.6718,1.6955,1.7137,1.77,1.7472,1.6902,1.6501,1.6454,1.6006,1.6279,1.5805,1.5694,1.5876,1.5475,1.5235,1.4788,1.436,1.4737,1.472,1.4438,1.4123,1.3818,1.361,1.3662,1.3547,1.3349,1.3382,1.3442,1.3624,1.3716,1.3585,1.3723,1.3745,1.3722,1.3785,1.3843,1.4161,1.4025,1.4172,1.4231,1.4511,1.4706,1.4753,1.5011,1.5046,1.4837,1.4861,1.4685,1.5005,1.5324,1.5765,1.6217,1.6377,1.6922,1.8005,1.8485,1.9015,1.9756,2.0344,2.043,2.0937,2.1063,2.1192,2.1507,2.1485,2.1388,2.1048,2.0635,2.0343
NaN,3.9015,3.2359,2.841,2.7081,2.423,2.3419,2.3124,2.2424,2.1686,2.0791,2.0168,1.9914,2.048,2.0037,1.9731,1.9338,1.866,1.8082,1.7836,1.7479,1.6997,1.6812,1.6737,1.6779,1.7034,1.7627,1.7324,1.6774,1.6976,1.6504,1.6199,1.6361,1.6308,1.6324,1.6005,1.586,1.5342,1.4862,1.4549,1.4506,1.4745,1.4727,1.4268,1.4189,1.4029,1.38,1.3833,1.3548,1.3556,1.3708,1.3707,1.3807,1.3864,1.3871,1.3956,1.3954,1.388,1.4152,1.4198,1.4135,1.4273,1.4412,1.4579,1.4914,1.5055,1.533,1.4997,1.5196,1.4958,1.4729,1.4843,1.5153,1.5368,1.605,1.6336,1.6724,1.7291,1.8072,1.8461,1.9354,1.9493,2.0358,2.0641,2.1048,2.1126,2.1406,2.1266,2.1386,2.0795,2.1022,2.0365
NaN,3.8062,3.1744,3.1125,2.73,2.4475,2.4368,2.3199,2.3275,2.1778,2.1081,2.018,1.9865,2.0375,2.0558,1.9958,1.9669,1.8785,1.8386,1.7883,1.7946,1.7284,1.6931,1.6681,1.6552,1.6901,1.7136,1.7216,1.7106,1.6972,1.6741,1.6518,1.6508,1.6556,1.6423,1.644,1.6281,1.5869,1.5535,1.5124,1.4608,1.4659,1.4761,1.4482,1.4247,1.4129,1.4259,1.4008,1.389,1.3799,1.3751,1.3972,1.4159,1.4056,1.3979,1.4003,1.3948,1.4075,1.4252,1.4383,1.4177,1.4307,1.4444,1.4753,1.491,1.504,1.5347,1.5447,1.5413,1.5148,1.5056,1.5237,1.5083,1.528,1.5676,1.6187,1.6444,1.7105,1.731,1.8179,1.8651,1.9251,1.9891,2.0459,2.0774,2.0445,2.071,2.0899,2.1054,2.1231,2.08,2.038
NaN,NaN,3.3579,3.3095,2.7406,2.5496,2.4819,2.3485,2.3806,2.292,2.1745,2.0691,1.9843,2.0623,2.0597,2.0513,1.9801,1.9584,1.8605,1.8561,1.8158,1.7913,1.6862,1.6736,1.6672,1.7071,1.7119,1.7096,1.7042,1.7391,1.6956,1.6538,1.6818,1.68,1.6478,1.6772,1.6434,1.6396,1.5729,1.5729,1.499,1.4994,1.5063,1.4624,1.4593,1.4639,1.4455,1.4265,1.405,1.3855,1.3845,1.406,1.4081,1.4138,1.4236,1.4275,1.4278,1.4464,1.4362,1.436,1.4409,1.4414,1.4634,1.476,1.5051,1.5142,1.542,1.5505,1.5452,1.5494,1.552,1.5337,1.5413,1.53,1.5488,1.5819,1.631,1.656,1.6974,1.7335,1.8341,1.8464,1.93,1.9825,2.0473,2.0021,2.0301,2.0432,2.0481,2.037,2.0882,2.0367
NaN,NaN,3.0962,3.3568,2.7495,2.5541,2.4701,2.4073,2.3806,2.3426,2.1997,2.046,1.9848,2.0458,2.0825,2.0665,2.0369,1.9764,1.9442,1.868,1.847,1.7867,1.7481,1.6718,1.686,1.6636,1.695,1.6875,1.7136,1.7424,1.7101,1.6834,1.6819,1.6819,1.6855,1.6876,1.6707,1.6603,1.6194,1.5915,1.5773,1.5177,1.5245,1.5042,1.5184,1.533,1.4722,1.4625,1.4409,1.3858,1.3807,1.4181,1.4112,1.4312,1.4301,1.4603,1.4529,1.4638,1.4648,1.443,1.4932,1.4833,1.487,1.4834,1.5042,1.5357,1.5351,1.5506,1.5748,1.5584,1.5679,1.5718,1.5458,1.5434,1.5506,1.56,1.6236,1.6352,1.6665,1.7054,1.7459,1.8194,1.8562,1.9406,1.9271,1.9827,1.952,2.001,1.9794,2.0348,2.0244,2.016
NaN,NaN,3.6717,3.6135,2.7396,2.5856,2.4325,2.429,2.3863,2.359,2.2821,2.057,2.0019,2.0373,2.031,2.0692,2.0326,2.0507,2.0276,1.9088,1.8407,1.7738,1.7559,1.6921,1.662,1.6735,1.6559,1.6807,1.6963,1.7296,1.7152,1.6952,1.6983,1.6986,1.7087,1.7054,1.6782,1.6691,1.634,1.6273,1.5965,1.5494,1.5332,1.5344,1.5443,1.5391,1.5288,1.4722,1.4812,1.4131,1.3985,1.4157,1.4173,1.4343,1.4508,1.4621,1.4702,1.5136,1.484,1.4856,1.4882,1.5232,1.4913,1.5065,1.5124,1.5513,1.5535,1.5552,1.5677,1.5708,1.5879,1.5774,1.5808,1.5437,1.5457,1.5539,1.5869,1.6241,1.6514,1.6818,1.7303,1.7747,1.8084,1.8839,1.8978,1.9216,1.942,1.9277,1.9682,1.9926,2.0228,1.9723
NaN,NaN,3.5703,3.1058,3.1326,2.9355,2.5263,2.4538,2.4154,2.3934,2.2681,2.1449,1.9945,2.0206,2.0344,2.0006,2.0258,2.0614,2.0173,1.954,1.842,1.7852,1.7337,1.7049,1.6654,1.659,1.6628,1.6636,1.6992,1.7165,1.7189,1.6908,1.6925,1.6852,1.7003,1.7097,1.7191,1.6944,1.6658,1.6247,1.6032,1.5553,1.5546,1.5488,1.582,1.583,1.5455,1.5082,1.4873,1.4287,1.4104,1.4095,1.4267,1.4556,1.4579,1.4653,1.4989,1.5268,1.5221,1.5036,1.5416,1.5264,1.5243,1.5098,1.5092,1.554,1.5527,1.5577,1.5747,1.5852,1.6108,1.6107,1.5996,1.5516,1.5566,1.5607,1.5824,1.6094,1.6357,1.6586,1.7144,1.7166,1.7712,1.7907,1.8389,1.8505,1.9174,1.9074,1.9,1.9842,1.9748,1.9555
NaN,NaN,3.4161,3.2405,3.4268,2.9141,2.5456,2.5357,2.4326,2.4081,2.3175,2.2419,2.0068,2.0303,2.0307,2.0091,2.011,2.0584,2.0385,1.983,1.8831,1.8207,1.7679,1.7163,1.6903,1.6517,1.6374,1.6582,1.7047,1.729,1.6899,1.6779,1.6762,1.6886,1.6692,1.7065,1.6946,1.6764,1.6743,1.6505,1.6396,1.6017,1.5917,1.5862,1.5842,1.5985,1.5905,1.5398,1.5339,1.4504,1.4318,1.4428,1.4428,1.4351,1.4564,1.4988,1.5161,1.529,1.558,1.5471,1.5628,1.5594,1.5385,1.5274,1.5202,1.5617,1.5572,1.5607,1.5786,1.5949,1.6161,1.644,1.6301,1.5971,1.5881,1.5788,1.602,1.6084,1.6074,1.6466,1.6836,1.6963,1.7043,1.7627,1.7517,1.8075,1.864,1.8888,1.8852,1.8921,1.977,1.9232
NaN,NaN,3.554,3.4617,3.4678,2.9199,2.7229,2.5572,2.5847,2.4197,2.403,2.2687,2.037,2.0073,2.0415,2.0433,2.0212,1.9992,2.0369,2.0062,1.9005,1.8443,1.7759,1.7557,1.7046,1.6575,1.6214,1.6603,1.6927,1.6964,1.7032,1.685,1.6747,1.6739,1.6789,1.694,1.693,1.6917,1.6784,1.6866,1.6548,1.6406,1.6003,1.607,1.6154,1.6147,1.5956,1.5973,1.5431,1.4611,1.4547,1.4487,1.4532,1.4319,1.4417,1.499,1.5103,1.536,1.5569,1.5752,1.5952,1.6057,1.5796,1.5379,1.5536,1.5713,1.5817,1.5729,1.5687,1.5859,1.62,1.6427,1.6475,1.6106,1.6223,1.61,1.6331,1.6021,1.6024,1.6191,1.6639,1.6693,1.7088,1.6916,1.7493,1.7494,1.8234,1.8257,1.8437,1.8366,1.8866,1.8504
NaN,NaN,NaN,3.2878,3.5064,2.9658,2.7701,2.594,2.5918,2.4719,2.4235,2.4197,2.1331,2.0344,2.0524,2.062,2.0339,2.0731,2.0376,2.0124,1.9394,1.8679,1.8034,1.7623,1.7106,1.653,1.6296,1.6703,1.697,1.6941,1.7026,1.6683,1.6657,1.6685,1.6604,1.6769,1.6933,1.6939,1.7217,1.7026,1.694,1.6645,1.642,1.6215,1.6328,1.6368,1.5917,1.5958,1.5855,1.4954,1.4611,1.4953,1.4654,1.4364,1.4364,1.4935,1.5332,1.5401,1.5591,1.5832,1.6433,1.6067,1.6246,1.591,1.6167,1.602,1.6143,1.5762,1.565,1.578,1.6172,1.6198,1.6387,1.6707,1.6308,1.6384,1.64,1.6242,1.6016,1.6065,1.6378,1.66,1.6988,1.6822,1.7029,1.7272,1.7278,1.8072,1.8035,1.81,1.8083,1.8404
NaN,NaN,NaN,3.9544,3.5285,3.1814,3.0201,2.7484,2.7617,2.5681,2.585,2.5485,2.2763,2.0931,2.0456,2.0545,2.076,2.1197,2.0714,2.0369,1.962,1.9427,1.8216,1.7796,1.7727,1.711,1.7076,1.6704,1.6736,1.715,1.6807,1.6612,1.6422,1.6543,1.668,1.694,1.7124,1.7201,1.7592,1.7545,1.7397,1.7226,1.6633,1.6467,1.659,1.6691,1.64,1.6186,1.6151,1.5569,1.5237,1.5074,1.4853,1.4464,1.4555,1.4733,1.4962,1.5114,1.5413,1.5795,1.6085,1.6445,1.6577,1.6321,1.6613,1.6412,1.6444,1.6111,1.5843,1.5916,1.5968,1.6116,1.6341,1.6945,1.6597,1.6741,1.6352,1.649,1.6216,1.6161,1.614,1.648,1.6699,1.6709,1.6836,1.6747,1.6905,1.6914,1.6973,1.7519,1.7404,1.804
NaN,NaN,NaN,4.4691,2.8138,3.261,3.0454,2.9158,2.7926,2.6487,2.5983,2.542,2.3801,2.1598,2.093,2.0545,2.0825,2.1231,2.1245,2.0608,1.987,1.9467,1.9338,1.7893,1.7781,1.7788,1.7237,1.7075,1.6781,1.6962,1.6706,1.6543,1.6405,1.6481,1.6522,1.6782,1.7236,1.72,1.7628,1.7487,1.7398,1.7396,1.7209,1.6796,1.6848,1.6852,1.679,1.6357,1.6232,1.634,1.5489,1.5313,1.5002,1.473,1.4642,1.4881,1.5,1.5102,1.5444,1.5554,1.5961,1.6284,1.664,1.6976,1.6787,1.6816,1.6485,1.6308,1.6119,1.596,1.6091,1.6386,1.627,1.6782,1.6895,1.7045,1.6743,1.6857,1.6625,1.6273,1.6378,1.6449,1.6876,1.6781,1.6816,1.6778,1.6926,1.6849,1.655,1.6711,1.7071,1.7458
NaN,NaN,NaN,NaN,2.9785,3.2535,3.0447,2.8843,2.8886,2.6741,2.6956,2.554,2.3802,2.2445,2.0931,2.052,2.1126,2.1544,2.2088,2.1535,2.0032,1.9747,1.9387,1.8789,1.8379,1.7788,1.7682,1.7361,1.6994,1.7005,1.665,1.6386,1.6183,1.6255,1.6518,1.6699,1.7122,1.731,1.7684,1.7539,1.7505,1.7783,1.7436,1.7241,1.6921,1.6855,1.6932,1.6881,1.6793,1.6554,1.6036,1.5436,1.5208,1.4793,1.5094,1.4924,1.4977,1.5194,1.5463,1.5625,1.5984,1.6101,1.6613,1.7034,1.7263,1.7432,1.6981,1.6825,1.635,1.624,1.6358,1.6433,1.6527,1.6692,1.6571,1.7056,1.7036,1.692,1.6739,1.6668,1.6714,1.6678,1.6851,1.689,1.6865,1.6881,1.6936,1.7039,1.6526,1.6687,1.6947,1.6923
NaN,NaN,NaN,NaN,3.2309,3.427,3.1245,2.9694,2.9195,2.8092,2.6878,2.6608,2.4663,2.2628,2.0855,2.1005,2.129,2.2011,2.2147,2.2835,2.0878,2.0469,1.9799,1.9045,1.8399,1.8069,1.7733,1.7429,1.7008,1.7131,1.6646,1.6351,1.6186,1.6216,1.6402,1.6548,1.6933,1.7308,1.765,1.7461,1.7516,1.7911,1.7937,1.7413,1.7237,1.7299,1.6998,1.7178,1.6758,1.6491,1.6558,1.604,1.5669,1.5111,1.513,1.5088,1.5222,1.5196,1.5606,1.5644,1.6075,1.6019,1.6174,1.6996,1.7512,1.7505,1.7474,1.7212,1.6657,1.6376,1.646,1.6644,1.6542,1.6527,1.6568,1.6732,1.7072,1.717,1.6857,1.6771,1.6693,1.6639,1.6817,1.7047,1.6966,1.6973,1.7069,1.6992,1.6588,1.6538,1.6619,1.6826
NaN,NaN,NaN,NaN,2.984,3.4214,3.1347,2.9789,2.965,3.0165,2.8285,2.8377,2.4766,2.3274,2.1458,2.1091,2.1867,2.2097,2.3214,2.3023,2.2433,2.0688,2.0193,1.9668,1.8833,1.8636,1.7894,1.7674,1.742,1.707,1.6532,1.6593,1.6125,1.6176,1.6457,1.6425,1.6922,1.7254,1.7745,1.7506,1.7522,1.7791,1.8055,1.7877,1.7378,1.7479,1.7605,1.7385,1.6818,1.6588,1.6696,1.6691,1.6027,1.537,1.532,1.5226,1.5503,1.5437,1.5709,1.5841,1.6083,1.5948,1.6157,1.6609,1.7493,1.7587,1.7525,1.7357,1.7238,1.6837,1.6813,1.6844,1.653,1.6461,1.6401,1.6753,1.7389,1.7249,1.7048,1.6856,1.6666,1.6752,1.6877,1.6948,1.714,1.6787,1.6804,1.6831,1.6621,1.6741,1.6612,1.641
NaN,NaN,NaN,NaN,3.043,3.1604,3.1719,3.0027,3.1178,3.0233,2.8997,2.8622,2.5099,2.3533,2.2287,2.2048,2.2094,2.2738,2.3208,2.4367,2.284,2.2004,2.053,2.0181,1.9807,1.8944,1.8488,1.7684,1.7673,1.7145,1.6583,1.64,1.626,1.6279,1.6443,1.6767,1.6814,1.7274,1.7735,1.7586,1.7537,1.7719,1.8167,1.8265,1.7897,1.7683,1.7531,1.773,1.7047,1.667,1.6994,1.6689,1.6567,1.5629,1.537,1.5235,1.5388,1.5585,1.5777,1.599,1.618,1.6079,1.641,1.6649,1.7031,1.7459,1.768,1.7638,1.7417,1.7067,1.7267,1.6995,1.7126,1.67,1.6695,1.6861,1.7172,1.7235,1.7081,1.6869,1.6719,1.6895,1.6762,1.7028,1.7007,1.6823,1.6779,1.6679,1.6716,1.6692,1.6764,1.6667
NaN,NaN,NaN,NaN,4.434,3.2287,3.1203,3.049,3.1266,3.1074,2.9137,2.9706,2.6452,2.3598,2.2239,2.2489,2.2357,2.2593,2.3322,2.4436,2.4378,2.2153,2.1173,2.0437,1.9958,1.956,1.8518,1.8341,1.7808,1.7432,1.6594,1.6278,1.6283,1.6702,1.6551,1.6867,1.6734,1.704,1.773,1.766,1.7891,1.7866,1.7959,1.8277,1.8264,1.7688,1.7538,1.7713,1.7523,1.7058,1.7091,1.681,1.6633,1.6085,1.5696,1.5617,1.5645,1.5586,1.5765,1.5959,1.6155,1.6257,1.6565,1.6696,1.6639,1.7099,1.7623,1.7511,1.7775,1.7196,1.7326,1.7528,1.7197,1.714,1.6781,1.6878,1.709,1.7144,1.7087,1.7058,1.6805,1.6749,1.669,1.6974,1.6926,1.6759,1.6768,1.6671,1.6527,1.6514,1.6669,1.6605
NaN,NaN,NaN,NaN,4.9857,3.0684,3.3,3.0637,3.1478,3.1592,3.0467,3.0098,2.6581,2.4505,2.3125,2.2941,2.2653,2.2779,2.2921,2.3937,2.4005,2.3195,2.1911,2.1074,2.0806,1.966,1.9066,1.8413,1.8087,1.7601,1.7166,1.6606,1.6346,1.674,1.7038,1.6896,1.6891,1.7015,1.7647,1.8002,1.7831,1.7887,1.8029,1.8219,1.8361,1.7863,1.7804,1.7907,1.8132,1.7351,1.705,1.703,1.6856,1.6306,1.6047,1.5762,1.5689,1.556,1.5775,1.6049,1.6162,1.6302,1.6517,1.6776,1.6654,1.703,1.7376,1.7728,1.7711,1.7546,1.751,1.7493,1.7401,1.7033,1.713,1.6901,1.7033,1.7128,1.7099,1.7056,1.7048,1.6772,1.6804,1.6901,1.6933,1.6894,1.6813,1.6593,1.6491,1.6479,1.6647,1.6886
NaN,NaN,NaN,NaN,4.8918,3.181,3.3197,3.065,3.1613,3.2157,3.1064,2.9969,2.7321,2.4814,2.3387,2.3264,2.2746,2.2352,2.2671,2.2988,2.3797,2.361,2.2119,2.1874,2.1434,2.0248,1.9601,1.9145,1.8268,1.7967,1.733,1.6832,1.6844,1.7012,1.7149,1.7446,1.6856,1.6806,1.7384,1.8009,1.8074,1.8179,1.8235,1.811,1.8466,1.8637,1.7962,1.798,1.8082,1.7636,1.7502,1.7165,1.7311,1.6678,1.6746,1.6413,1.6012,1.5621,1.5837,1.6178,1.6176,1.6268,1.6483,1.6722,1.6661,1.7067,1.7087,1.7541,1.7781,1.7945,1.7865,1.7765,1.7389,1.7371,1.7201,1.7185,1.6855,1.6911,1.7086,1.7208,1.7052,1.6782,1.6855,1.6915,1.6877,1.6901,1.681,1.66,1.6622,1.646,1.661,1.671
NaN,NaN,NaN,NaN,NaN,3.2743,3.4416,3.2241,3.1769,3.3293,3.1217,3.0171,2.7965,2.5659,2.4086,2.387,2.329,2.2381,2.2241,2.2895,2.2728,2.3565,2.2472,2.1807,2.1671,2.0912,1.9832,1.9765,1.8962,1.8678,1.7957,1.7202,1.6864,1.7103,1.7495,1.7569,1.7409,1.7044,1.7135,1.7901,1.8283,1.8291,1.8488,1.8234,1.8374,1.8499,1.8378,1.8314,1.8412,1.7809,1.7716,1.7551,1.7443,1.7339,1.6873,1.6741,1.6199,1.5873,1.588,1.6094,1.6409,1.6203,1.6606,1.6608,1.6678,1.6915,1.7035,1.7515,1.7801,1.8008,1.7892,1.7784,1.7555,1.7648,1.7341,1.7446,1.7229,1.6831,1.7104,1.7302,1.7165,1.6915,1.6932,1.6826,1.7017,1.6865,1.6794,1.6688,1.6561,1.6604,1.6664,1.6524
NaN,NaN,NaN,NaN,NaN,3.8385,3.7443,3.2401,3.1798,3.3622,3.2167,3.005,2.8285,2.6647,2.5427,2.3938,2.3467,2.2792,2.2704,2.2403,2.2522,2.2643,2.2407,2.1732,2.1809,2.1116,2.0419,2.0026,1.9871,1.8843,1.8637,1.7617,1.7382,1.7213,1.7445,1.7748,1.757,1.759,1.7192,1.7617,1.8103,1.867,1.8459,1.8124,1.8471,1.8624,1.8436,1.8479,1.8654,1.795,1.8053,1.766,1.7278,1.731,1.7298,1.6884,1.6368,1.6028,1.5895,1.605,1.6504,1.6612,1.686,1.6647,1.6735,1.688,1.7077,1.7496,1.7803,1.7795,1.7813,1.7863,1.7734,1.7776,1.7676,1.7431,1.7434,1.7078,1.7242,1.7326,1.7174,1.7146,1.6819,1.682,1.6986,1.6795,1.6842,1.6758,1.6594,1.6749,1.6734,1.657
NaN,NaN,NaN,NaN,NaN,4.7205,3.7064,3.2312,3.2638,3.3472,3.2547,3.1384,2.9036,2.676,2.5607,2.4702,2.3374,2.3101,2.2674,2.2636,2.243,2.2125,2.2163,2.2125,2.1916,2.1494,2.0752,2.0435,2.0213,1.9823,1.8805,1.7709,1.7868,1.7578,1.7595,1.7871,1.7714,1.7953,1.7819,1.7755,1.7922,1.8592,1.8578,1.8299,1.8392,1.8462,1.8414,1.8946,1.8692,1.8195,1.8072,1.7735,1.7486,1.7274,1.7401,1.723,1.673,1.6158,1.6116,1.6142,1.6725,1.6738,1.6705,1.67,1.6928,1.7036,1.7211,1.7567,1.7818,1.7833,1.7898,1.804,1.7857,1.8016,1.771,1.7747,1.7515,1.7152,1.7198,1.7443,1.7343,1.7362,1.7063,1.6793,1.7057,1.6797,1.686,1.6904,1.6835,1.673,1.6894,1.6661
NaN,NaN,NaN,NaN,NaN,4.6719,3.6746,3.46,3.3214,3.3514,3.3389,3.3218,2.9167,2.7489,2.706,2.5272,2.3944,2.3163,2.3408,2.2981,2.2602,2.1903,2.2197,2.2008,2.1678,2.1731,2.1392,2.0904,2.0821,2.0106,1.9629,1.8566,1.8056,1.7676,1.7837,1.7924,1.7806,1.7913,1.8311,1.7886,1.7818,1.8317,1.846,1.8111,1.8524,1.8569,1.8773,1.9038,1.8786,1.8156,1.8243,1.778,1.7585,1.7684,1.7592,1.7335,1.7092,1.6623,1.6264,1.6415,1.6789,1.6931,1.68,1.6866,1.6958,1.7049,1.7228,1.765,1.7929,1.7822,1.8016,1.8182,1.8051,1.7997,1.766,1.7811,1.77,1.7151,1.7236,1.7439,1.7388,1.7366,1.7272,1.7052,1.7376,1.7035,1.6912,1.6937,1.6861,1.6957,1.6855,1.6772
NaN,NaN,NaN,NaN,NaN,4.1415,3.6079,3.4959,3.612,3.3371,3.4264,3.3351,2.9235,2.7933,2.7149,2.5278,2.425,2.3729,2.3664,2.423,2.2953,2.2474,2.2166,2.2127,2.1524,2.1601,2.1858,2.1313,2.1605,2.1013,2.0263,1.889,1.8523,1.8371,1.7965,1.8038,1.7871,1.7703,1.84,1.8232,1.7779,1.8073,1.8462,1.8282,1.8224,1.8542,1.8885,1.8865,1.8741,1.8248,1.8025,1.7846,1.7687,1.7654,1.7782,1.7425,1.7193,1.6997,1.6796,1.6719,1.6692,1.7051,1.7037,1.6843,1.7281,1.704,1.7424,1.7926,1.7943,1.8018,1.8081,1.7985,1.8028,1.8078,1.8052,1.7944,1.7593,1.7365,1.7435,1.7311,1.7258,1.7449,1.7279,1.7515,1.7323,1.7323,1.7092,1.7165,1.7068,1.6976,1.7008,1.6723
NaN,NaN,NaN,NaN,5.4426,4.2197,3.7473,3.6982,3.6071,3.4844,3.3981,3.3785,2.9592,2.8295,2.7609,2.65,2.4796,2.4413,2.4456,2.5707,2.4154,2.2628,2.2527,2.2116,2.1544,2.149,2.1864,2.159,2.1698,2.1382,2.0416,1.933,1.9343,1.894,1.8383,1.8231,1.8123,1.7816,1.8177,1.8274,1.8093,1.8056,1.8335,1.8269,1.8274,1.8416,1.8621,1.8894,1.8714,1.8362,1.799,1.7992,1.7691,1.7903,1.7798,1.776,1.7651,1.7138,1.7118,1.6871,1.7089,1.7028,1.7157,1.7269,1.7288,1.719,1.741,1.789,1.804,1.8066,1.8165,1.8146,1.8004,1.802,1.8064,1.7996,1.7858,1.768,1.7372,1.733,1.7413,1.7387,1.7652,1.7571,1.7739,1.7409,1.7225,1.7223,1.7436,1.7145,1.7186,1.6743
NaN,NaN,NaN,NaN,5.0977,4.3362,3.4514,3.9145,3.7379,3.5329,3.411,3.4149,2.998,2.9559,2.8634,2.6818,2.5527,2.449,2.4955,2.5965,2.5541,2.3997,2.3225,2.2428,2.1503,2.17,2.2052,2.1621,2.1717,2.1267,2.1002,1.9906,1.9369,1.9052,1.9076,1.85,1.8741,1.8026,1.8083,1.8189,1.8008,1.808,1.8315,1.8449,1.826,1.8324,1.8562,1.8795,1.8504,1.8191,1.8289,1.8232,1.796,1.7829,1.8083,1.7808,1.7622,1.7519,1.7141,1.7194,1.7189,1.6997,1.731,1.7228,1.7237,1.7465,1.763,1.7883,1.8021,1.8056,1.8056,1.8266,1.7958,1.8099,1.809,1.8121,1.8004,1.7702,1.7686,1.7565,1.7739,1.7594,1.7772,1.7795,1.7907,1.766,1.7409,1.7562,1.7432,1.7329,1.7335,1.7066
NaN,NaN,NaN,NaN,5.1091,4.3343,3.8836,3.9814,3.8612,3.6181,3.4997,3.3973,3.079,3.0084,2.9029,2.7356,2.5726,2.5018,2.4748,2.5622,2.5516,2.5683,2.3592,2.3211,2.2577,2.2068,2.2018,2.2228,2.175,2.1617,2.1115,2.0102,1.9776,1.9496,1.9006,1.9126,1.8815,1.8645,1.8177,1.8314,1.8393,1.8336,1.8315,1.8441,1.8034,1.8287,1.8424,1.8471,1.8391,1.8098,1.8038,1.8135,1.8143,1.8359,1.8368,1.7903,1.7857,1.7621,1.7453,1.7452,1.7432,1.7022,1.734,1.7241,1.729,1.7546,1.7455,1.7673,1.8104,1.8095,1.798,1.8079,1.8017,1.826,1.815,1.8191,1.8071,1.8022,1.785,1.7814,1.7781,1.763,1.7687,1.7989,1.8118,1.7965,1.7818,1.7726,1.7732,1.7445,1.7114,1.6934
NaN,NaN,NaN,NaN,NaN,4.2637,3.8271,4.1479,3.8418,3.7359,3.5664,3.5146,3.2766,3.1283,3.0487,2.8585,2.6214,2.5171,2.4349,2.5576,2.6549,2.5422,2.4882,2.3235,2.2994,2.2326,2.2231,2.2488,2.2097,2.2463,2.1482,2.0685,2.0186,1.9626,1.938,1.9259,1.9025,1.8545,1.8407,1.8341,1.8215,1.8337,1.8079,1.8139,1.8052,1.7699,1.8061,1.8384,1.8205,1.8105,1.7943,1.7964,1.8211,1.8492,1.8466,1.7919,1.7945,1.7805,1.7613,1.7603,1.7522,1.7366,1.7318,1.7288,1.7404,1.776,1.7529,1.774,1.791,1.8067,1.8014,1.8249,1.8288,1.8344,1.8343,1.8245,1.8333,1.8105,1.7959,1.7892,1.7811,1.767,1.7714,1.8067,1.8057,1.7979,1.7849,1.7858,1.7768,1.7544,1.7078,1.6915
NaN,NaN,NaN,NaN,NaN,4.6258,4.0306,4.1885,3.9165,3.662,3.6496,3.5573,3.522,3.28,3.1785,3.0158,2.7585,2.6555,2.4875,2.4412,2.5417,2.5651,2.5878,2.5362,2.3472,2.313,2.224,2.2621,2.2442,2.2438,2.1959,2.1133,2.0941,2.0602,1.9861,1.9585,1.9298,1.8874,1.8707,1.8614,1.8295,1.8151,1.8123,1.8181,1.7892,1.8154,1.8065,1.7917,1.7928,1.7944,1.8033,1.7968,1.8332,1.8444,1.8418,1.8061,1.7952,1.784,1.7901,1.7896,1.7786,1.7445,1.77,1.7459,1.7695,1.7861,1.7975,1.755,1.777,1.7829,1.8106,1.8147,1.8241,1.8359,1.8292,1.8548,1.8385,1.8241,1.8093,1.8037,1.8028,1.7776,1.7875,1.7915,1.7971,1.7806,1.8039,1.8035,1.8168,1.7744,1.7611,1.7205
NaN,NaN,NaN,NaN,NaN,4.8996,4.0256,3.826,3.9411,3.8581,3.7222,3.6971,3.4843,3.4464,3.249,3.027,2.9195,2.6613,2.6027,2.4467,2.4637,2.5424,2.5334,2.5401,2.4368,2.4089,2.3037,2.3076,2.2521,2.2448,2.2516,2.1683,2.0892,2.0906,2.0547,1.9692,1.9563,1.9007,1.8854,1.895,1.8436,1.8144,1.8021,1.8047,1.8011,1.8189,1.799,1.7839,1.7925,1.7976,1.7925,1.79,1.807,1.8209,1.8323,1.8226,1.8078,1.8102,1.7981,1.8102,1.789,1.7756,1.7758,1.7824,1.7689,1.8034,1.8053,1.7663,1.7887,1.8099,1.8104,1.8135,1.8168,1.8482,1.8569,1.8703,1.8516,1.8425,1.8266,1.8105,1.8356,1.7896,1.7784,1.7812,1.8074,1.8212,1.7909,1.8202,1.8237,1.7909,1.7665,1.7601
NaN,NaN,NaN,NaN,NaN,NaN,4.0021,3.7264,3.9663,3.8734,3.8828,3.7382,3.7277,3.5424,3.4413,3.174,2.9718,2.8154,2.6374,2.5491,2.4635,2.5321,2.5315,2.4894,2.5279,2.4352,2.4467,2.3041,2.2775,2.251,2.2458,2.1759,2.1083,2.0795,2.063,2.0533,1.9812,1.9867,1.9097,1.9064,1.8692,1.8583,1.82,1.8042,1.7881,1.7974,1.8083,1.7856,1.7924,1.7891,1.7794,1.7852,1.7924,1.8212,1.8176,1.8233,1.8337,1.8374,1.836,1.8157,1.8161,1.8033,1.7914,1.783,1.8265,1.8116,1.8216,1.8034,1.809,1.832,1.8136,1.8266,1.8383,1.8485,1.8573,1.8603,1.8637,1.8322,1.834,1.8271,1.8394,1.8297,1.7726,1.8009,1.8152,1.8172,1.8085,1.8252,1.8094,1.7851,1.7811,1.7582
NaN,NaN,NaN,NaN,NaN,NaN,4.1861,3.6778,3.892,3.9262,3.9564,3.8889,3.7645,3.6036,3.4017,3.3196,3.1184,2.9429,2.8119,2.6815,2.5689,2.5293,2.4725,2.4664,2.5104,2.5,2.4462,2.3988,2.2722,2.2858,2.2658,2.2121,2.1883,2.1334,2.1114,2.0661,2.0564,1.9952,1.9653,1.9162,1.8907,1.8648,1.8335,1.8045,1.7967,1.7982,1.7937,1.7735,1.7919,1.7958,1.7679,1.7619,1.7907,1.7718,1.8311,1.8187,1.8202,1.849,1.8228,1.8437,1.8415,1.8304,1.8055,1.8262,1.8331,1.8262,1.8324,1.8185,1.8399,1.8403,1.8205,1.8261,1.8437,1.8453,1.8612,1.8542,1.8738,1.8444,1.8637,1.8382,1.8479,1.8371,1.8308,1.8055,1.8252,1.8228,1.8116,1.8191,1.8081,1.798,1.7761,1.7682
NaN,NaN,NaN,NaN,NaN,NaN,4.5462,4.0837,3.945,4.0589,4.0086,3.876,3.7045,3.5922,3.4802,3.3502,3.1645,2.9766,2.9507,2.7054,2.6754,2.5736,2.485,2.4517,2.4924,2.5363,2.5209,2.4093,2.3291,2.2954,2.2661,2.253,2.1912,2.1419,2.1785,2.1204,2.0911,2.0538,1.9812,1.9575,1.9076,1.8852,1.8383,1.8328,1.8095,1.8086,1.8059,1.7803,1.7827,1.7903,1.7765,1.7997,1.782,1.7768,1.8074,1.8227,1.8192,1.8184,1.8356,1.8343,1.8438,1.8658,1.8341,1.8408,1.8432,1.8294,1.8414,1.8496,1.8433,1.8661,1.8516,1.8413,1.8479,1.8487,1.8521,1.8466,1.8724,1.8754,1.8786,1.841,1.8481,1.8624,1.8315,1.8463,1.8228,1.8282,1.8152,1.8135,1.8186,1.807,1.7791,1.7728
NaN,NaN,NaN,NaN,NaN,NaN,4.8361,4.2353,3.902,4.0417,4.0848,3.9687,3.6625,3.6112,3.5152,3.3734,3.1566,3.0303,2.9839,2.9007,2.7072,2.7295,2.5199,2.4821,2.4778,2.4633,2.4459,2.4393,2.3384,2.3187,2.2573,2.2622,2.2256,2.2121,2.1821,2.1262,2.1066,2.0888,2.0951,2.0837,1.9521,1.8906,1.8656,1.8377,1.843,1.8407,1.8115,1.8212,1.787,1.7937,1.799,1.7952,1.7887,1.796,1.7932,1.8211,1.8188,1.8184,1.8185,1.8421,1.8642,1.8826,1.8683,1.8593,1.8512,1.8281,1.8495,1.8415,1.865,1.8709,1.867,1.8715,1.8504,1.8455,1.8573,1.8489,1.8785,1.8905,1.8846,1.8645,1.8502,1.8663,1.8573,1.8493,1.8496,1.8228,1.812,1.8134,1.8144,1.8098,1.795,1.7712
NaN,NaN,NaN,NaN,NaN,NaN,4.718,4.27,3.87,4.2327,4.1688,3.9755,3.8507,3.5776,3.5483,3.4297,3.2776,3.0721,3.0721,2.9204,2.8711,2.747,2.6059,2.4753,2.4959,2.4467,2.4405,2.4239,2.4338,2.3994,2.3172,2.2989,2.2356,2.2417,2.1983,2.1333,2.1299,2.0978,2.1109,2.0881,2.0618,1.9579,1.9104,1.8431,1.8583,1.85,1.8329,1.8542,1.7863,1.7849,1.8013,1.7854,1.7792,1.7794,1.7824,1.801,1.8116,1.8263,1.8332,1.8478,1.8672,1.9001,1.8598,1.8994,1.8665,1.8749,1.8522,1.8581,1.8707,1.8936,1.8803,1.8875,1.8637,1.8475,1.8736,1.8591,1.8874,1.8918,1.9065,1.8666,1.8654,1.8666,1.8736,1.8433,1.8534,1.8511,1.8266,1.8007,1.8247,1.8228,1.7834,1.7807
NaN,NaN,NaN,NaN,NaN,NaN,NaN,4.5044,4.0801,4.2226,4.3847,4.012,3.8383,3.8481,3.5892,3.4462,3.3012,3.1391,3.0233,3.0073,2.9057,2.873,2.6257,2.5464,2.5069,2.4369,2.4214,2.4047,2.4648,2.4303,2.4194,2.3473,2.2907,2.2812,2.2173,2.1749,2.1392,2.1139,2.1111,2.0941,2.0609,2.0134,1.9321,1.9086,1.8514,1.859,1.829,1.8555,1.8129,1.7856,1.7781,1.7832,1.7638,1.7837,1.7335,1.7942,1.8062,1.8184,1.8292,1.8623,1.8774,1.8854,1.8804,1.9135,1.9136,1.8878,1.8904,1.87,1.8902,1.9221,1.9216,1.881,1.8911,1.878,1.9058,1.905,1.8948,1.9124,1.9126,1.9056,1.8676,1.8735,1.8754,1.8595,1.8557,1.854,1.8278,1.8432,1.8307,1.8172,1.7915,1.7855
NaN,NaN,NaN,NaN,NaN,NaN,NaN,4.1905,4.1927,3.9337,4.335,3.8876,4.0784,3.8979,3.6166,3.4902,3.3233,3.1894,3.0239,3.0092,3.0577,2.9664,2.7847,2.6725,2.522,2.481,2.3982,2.4383,2.4674,2.4231,2.4352,2.3557,2.3756,2.3581,2.3,2.2843,2.1485,2.1558,2.1086,2.1185,2.1004,2.0343,1.9632,1.8941,1.86,1.8388,1.8215,1.8272,1.8024,1.7456,1.7364,1.7507,1.7693,1.7703,1.7307,1.7826,1.8015,1.8121,1.8311,1.8554,1.8685,1.8632,1.9031,1.9269,1.9169,1.9095,1.8987,1.8763,1.8946,1.9321,1.9291,1.9164,1.9003,1.9053,1.9025,1.9068,1.9136,1.906,1.9416,1.921,1.8894,1.8735,1.8793,1.8583,1.8765,1.8637,1.8754,1.8407,1.844,1.826,1.803,1.7714
NaN,NaN,NaN,NaN,NaN,NaN,NaN,4.0813,4.2496,3.8138,3.9728,3.6214,4.1031,4.0597,3.8813,3.5017,3.3698,3.1801,3.1142,3.0495,3.042,2.9457,2.9231,2.69,2.6044,2.5463,2.4625,2.5058,2.4198,2.4403,2.4672,2.457,2.4172,2.3639,2.3266,2.2838,2.2528,2.1602,2.1239,2.1117,2.0749,2.0654,1.9704,1.9269,1.8682,1.8375,1.8041,1.8236,1.7719,1.7528,1.7409,1.7419,1.7374,1.7085,1.724,1.7616,1.7902,1.7779,1.8079,1.8281,1.8473,1.8743,1.9006,1.9267,1.9271,1.942,1.9236,1.8843,1.895,1.9303,1.9216,1.9293,1.9202,1.9077,1.9348,1.9172,1.9206,1.9197,1.9453,1.9384,1.9204,1.9305,1.9119,1.8912,1.8742,1.8887,1.8735,1.8742,1.8538,1.8483,1.8113,1.7798
NaN,NaN,NaN,NaN,NaN,NaN,NaN,NaN,4.4631,3.6875,3.6684,3.6054,3.9968,3.8461,3.9038,3.6608,3.5372,3.3292,3.0825,3.0909,3.0198,2.931,2.8954,2.8442,2.7095,2.5524,2.567,2.5007,2.4861,2.4081,2.4415,2.4679,2.4514,2.4042,2.3392,2.3053,2.2719,2.2252,2.1372,2.0994,2.0724,2.0624,2.0116,1.9541,1.8806,1.856,1.8054,1.7917,1.7547,1.7532,1.7042,1.734,1.7247,1.6989,1.7243,1.7253,1.7641,1.7444,1.7609,1.8107,1.8102,1.8607,1.9018,1.9337,1.9428,1.9457,1.9351,1.896,1.8824,1.9039,1.9179,1.9354,1.9349,1.9322,1.9358,1.9315,1.9268,1.9492,1.9561,1.9434,1.9387,1.9387,1.9215,1.9151,1.9023,1.9174,1.9058,1.8802,1.882,1.8448,1.8364,1.7905
NaN,NaN,NaN,NaN,NaN,NaN,NaN,NaN,4.3552,3.5704,3.6696,3.6777,3.6393,3.8337,3.8504,3.837,3.5492,3.4155,3.1982,3.1534,2.9573,2.9366,2.8916,2.8405,2.6975,2.6162,2.5818,2.5811,2.498,2.4534,2.441,2.5209,2.4583,2.4213,2.3925,2.327,2.3174,2.257,2.2142,2.1121,2.0894,2.0537,2.0244,1.9758,1.9039,1.8896,1.8003,1.8008,1.7668,1.7588,1.7165,1.7328,1.7216,1.7205,1.7122,1.7061,1.7349,1.736,1.7276,1.7948,1.8101,1.8447,1.9032,1.925,1.9458,1.9469,1.925,1.8918,1.912,1.9081,1.9284,1.9235,1.9412,1.9351,1.9196,1.9405,1.9275,1.9544,1.9644,1.9509,1.9403,1.9533,1.9143,1.9307,1.9334,1.9313,1.9118,1.9014,1.885,1.8681,1.8386,1.8496
NaN,NaN,NaN,NaN,NaN,NaN,NaN,NaN,3.9863,4.035,3.4877,3.7293,3.6651,3.6384,3.7549,3.7654,3.6567,3.4512,3.3118,3.0966,3.0647,2.9112,2.8373,2.8798,2.7624,2.6177,2.6583,2.5727,2.5235,2.4685,2.4975,2.4379,2.4733,2.4253,2.3927,2.36,2.3044,2.3128,2.2338,2.1829,2.0899,2.1078,2.019,1.9686,1.9175,1.9011,1.8609,1.8116,1.8084,1.7671,1.749,1.7226,1.7173,1.7277,1.7265,1.7156,1.7194,1.711,1.7176,1.7552,1.8087,1.8094,1.8849,1.9158,1.9257,1.95,1.9545,1.9237,1.9063,1.8953,1.9172,1.9291,1.9472,1.9436,1.9381,1.9466,1.9605,1.9567,1.9612,1.9506,1.9506,1.9455,1.9073,1.9283,1.9389,1.9403,1.9236,1.9198,1.8953,1.9172,1.8858,1.8776
NaN,NaN,NaN,NaN,NaN,NaN,NaN,NaN,NaN,4.0356,3.5775,4.0123,3.665,3.584,3.7455,3.9065,3.7045,3.5648,3.3275,3.2298,3.0904,2.9521,2.8469,2.8181,2.8234,2.6852,2.6705,2.5741,2.5313,2.5067,2.4998,2.474,2.4391,2.4179,2.4187,2.3541,2.3117,2.341,2.3025,2.2406,2.1442,2.0859,2.0414,2.0179,1.9565,1.9304,1.8527,1.8794,1.8318,1.7902,1.754,1.7131,1.7283,1.7486,1.7373,1.7333,1.7221,1.7178,1.6928,1.7374,1.7499,1.8063,1.8752,1.9005,1.9103,1.9249,1.9499,1.9756,1.9342,1.9016,1.9346,1.9557,1.936,1.9497,1.9444,1.9459,1.9624,1.972,1.9626,1.9514,1.9774,1.9862,1.9454,1.9275,1.9301,1.9468,1.927,1.9229,1.9241,1.913,1.9031,1.8681
NaN,NaN,NaN,NaN,NaN,NaN,NaN,NaN,NaN,4.4327,3.8074,3.785,3.731,3.55,3.6924,3.7499,3.797,3.5696,3.4325,3.2206,3.1601,2.9414,2.8428,2.7551,2.8121,2.7476,2.6785,2.6241,2.5841,2.5599,2.5345,2.434,2.4206,2.4258,2.4107,2.3636,2.3451,2.3432,2.3204,2.2472,2.1669,2.1148,2.0432,2.0156,1.9608,1.9541,1.8933,1.8762,1.8602,1.8274,1.7648,1.7597,1.7362,1.7348,1.7394,1.7166,1.7099,1.6988,1.6916,1.7267,1.7485,1.7829,1.8598,1.8195,1.9013,1.9227,1.9447,1.9671,1.9695,1.9353,1.9659,1.9572,1.9305,1.9496,1.9523,1.9438,1.9654,1.9667,1.9755,1.9563,1.977,1.9913,1.9669,1.9426,1.9369,1.9575,1.9243,1.9532,1.9259,1.9136,1.9054,1.8915
NaN,NaN,NaN,NaN,NaN,NaN,NaN,NaN,NaN,4.1709,3.9609,3.8933,3.7195,3.6695,3.6393,3.7663,3.8077,3.7638,3.5513,3.3569,3.1827,2.9994,2.836,2.704,2.7507,2.7709,2.7828,2.6321,2.5849,2.5446,2.5181,2.4321,2.4365,2.4329,2.4064,2.3197,2.3567,2.3234,2.2908,2.2681,2.2031,2.1685,2.059,1.9934,1.9439,1.9311,1.8906,1.9014,1.8666,1.8273,1.7969,1.7613,1.7208,1.724,1.7118,1.7158,1.7086,1.7284,1.7076,1.736,1.7407,1.7855,1.8153,1.8188,1.8334,1.9207,1.9313,1.9823,1.9566,1.9809,1.9815,1.965,1.966,1.9635,1.9587,1.9602,1.9734,1.9595,1.9789,1.9682,1.9795,1.9967,1.9831,1.9758,1.9332,1.9534,1.9493,1.9639,1.9576,1.9096,1.9175,1.8859
NaN,NaN,NaN,NaN,NaN,NaN,NaN,NaN,NaN,NaN,4.6659,3.8469,3.7545,3.6245,3.5863,3.7175,3.7826,3.7176,3.5229,3.4032,3.1953,3.0531,2.9377,2.7818,2.6923,2.7128,2.7998,2.7007,2.5927,2.5424,2.5265,2.4392,2.4791,2.4399,2.4055,2.3661,2.349,2.3302,2.3301,2.2766,2.2475,2.1697,2.1165,1.994,1.959,1.9283,1.9051,1.8926,1.8808,1.8452,1.8017,1.7782,1.7396,1.7225,1.7078,1.6871,1.6864,1.7285,1.7404,1.7263,1.7525,1.7769,1.8215,1.7959,1.8283,1.9101,1.9275,1.9836,1.9699,1.981,1.9847,2.002,1.9674,1.9721,1.9501,1.9615,1.9593,1.97,1.9961,1.9673,2.0019,1.9906,2.0258,1.9758,1.9453,1.958,1.9626,1.9775,1.9647,1.9499,1.9584,1.8939
NaN,NaN,NaN,NaN,NaN,NaN,NaN,NaN,NaN,NaN,4.9151,4.3515,3.7694,3.5557,3.4954,3.6617,3.7183,3.7087,3.5825,3.3938,3.2648,3.0699,2.9812,2.8148,2.7246,2.7361,2.7484,2.6521,2.5954,2.5499,2.5005,2.4134,2.4377,2.4274,2.4102,2.3498,2.3282,2.334,2.3401,2.3139,2.2745,2.2009,2.1259,2.0189,1.9549,1.9345,1.9516,1.8982,1.8577,1.8433,1.8088,1.8009,1.7445,1.7338,1.696,1.674,1.6765,1.6654,1.7281,1.7126,1.7532,1.7439,1.7993,1.8523,1.82,1.8955,1.9532,1.9887,1.9823,1.9977,1.9982,2.0024,1.9944,1.9814,1.9619,1.9837,1.9703,1.9792,1.9813,1.9944,2.0113,1.9911,2.029,1.9914,1.9492,1.9505,1.9551,1.9606,1.9559,1.9549,1.9573,1.9087
NaN,NaN,NaN,NaN,NaN,NaN,NaN,NaN,NaN,NaN,4.7923,4.605,4.2985,3.6321,3.3694,3.5537,3.7274,3.6374,3.5664,3.3402,3.2613,3.1461,3.04,2.8974,2.7671,2.6988,2.6358,2.5669,2.5714,2.5299,2.4574,2.4123,2.3454,2.4162,2.3834,2.3601,2.289,2.3183,2.2762,2.3135,2.2845,2.2173,2.1274,2.0341,1.989,1.9847,1.9693,1.9454,1.9187,1.8244,1.7891,1.7814,1.7361,1.7,1.677,1.6729,1.6612,1.646,1.6481,1.6728,1.6965,1.7262,1.8051,1.8338,1.8524,1.8547,1.9097,1.9808,2.0085,1.9987,1.9827,2.0091,2.0306,2.0237,2.0022,1.9979,1.979,2.0082,2.0216,1.9984,1.9852,2.0184,2.0152,1.9977,1.9868,1.944,1.9327,1.9478,1.9486,1.9503,1.9559,1.9132
NaN,NaN,NaN,NaN,NaN,NaN,NaN,NaN,NaN,NaN,NaN,4.878,4.3874,3.9702,3.3675,3.5681,3.6682,3.6615,3.4649,3.2598,3.186,3.1142,3.065,2.9863,2.881,2.7083,2.6053,2.5706,2.4684,2.5123,2.4374,2.3992,2.3276,2.4045,2.4107,2.3268,2.2964,2.2798,2.2499,2.3348,2.2819,2.2231,2.1315,2.0491,1.9874,1.993,1.9673,1.9511,1.9038,1.8335,1.8249,1.7767,1.7356,1.7024,1.6596,1.6666,1.6476,1.6453,1.6494,1.6569,1.6849,1.702,1.7508,1.7867,1.8181,1.8484,1.8797,1.977,2.0142,1.9824,1.9966,2.0163,2.0299,2.0322,2.0019,2.0025,1.9999,2.009,2.0157,2.0164,1.9907,2.0201,2.0047,2.0208,1.9919,1.9638,1.9255,1.9492,1.9535,1.9381,1.9195,1.8977
NaN,NaN,NaN,NaN,NaN,NaN,NaN,NaN,NaN,NaN,NaN,5.3884,4.5099,3.6589,3.3643,3.4446,3.579,3.6086,3.419,3.2394,3.1612,3.0986,3.0389,2.8991,2.8721,2.8023,2.6831,2.5519,2.4616,2.445,2.4293,2.3631,2.3118,2.3514,2.3884,2.3242,2.2906,2.2499,2.2244,2.2555,2.2695,2.234,2.1266,2.0698,2.0192,1.9863,1.9674,1.9591,1.9042,1.8356,1.8552,1.8115,1.7515,1.7098,1.6715,1.6748,1.6668,1.642,1.6493,1.651,1.6786,1.6948,1.7226,1.7587,1.7811,1.8212,1.8486,1.9871,1.9972,1.9741,1.9946,2.0269,2.0297,2.0078,2.0071,2.0144,2.0105,2.0091,2.0107,2.0256,2.0353,2.0205,2.0309,2.0245,1.9842,1.9694,1.9369,1.9489,1.941,1.9376,1.9114,1.8856
NaN,NaN,NaN,NaN,NaN,NaN,NaN,NaN,NaN,NaN,NaN,NaN,4.8699,3.8417,3.3706,3.4626,3.5414,3.5995,3.3867,3.2509,3.1765,3.0701,2.9964,2.9106,2.8453,2.7914,2.6595,2.5703,2.4315,2.4213,2.4074,2.3712,2.2977,2.3452,2.3588,2.3236,2.3414,2.2459,2.2408,2.2451,2.2563,2.1898,2.138,2.0895,2.0312,1.9821,1.9522,1.9522,1.892,1.8688,1.8803,1.798,1.7701,1.7314,1.6917,1.6799,1.6884,1.6659,1.6567,1.6661,1.6691,1.6906,1.7203,1.7257,1.7732,1.7875,1.839,1.9306,1.9601,1.9748,1.9928,2.0257,2.0117,2.008,2.0306,2.0177,2.0196,2.0182,2.0191,2.0147,2.0274,1.9818,2.012,2.0308,1.9911,1.9715,1.9348,1.9524,1.937,1.9201,1.9122,1.8697
NaN,NaN,NaN,NaN,NaN,NaN,NaN,NaN,NaN,NaN,NaN,NaN,4.8324,4.1093,3.3072,3.4885,3.5745,3.5513,3.5177,3.3362,3.1957,3.0796,2.9668,2.8766,2.8221,2.7501,2.6475,2.5288,2.4574,2.4112,2.3655,2.341,2.2993,2.2792,2.343,2.3346,2.3193,2.2709,2.243,2.1971,2.2479,2.1921,2.1448,2.0821,2.033,1.9771,1.945,1.9535,1.8971,1.8659,1.8736,1.816,1.8052,1.7293,1.71,1.6873,1.6882,1.6825,1.68,1.683,1.6697,1.6787,1.7107,1.7245,1.7615,1.7797,1.8161,1.9024,1.9542,1.966,1.9933,2.0035,1.9912,2.0061,2.0289,2.0257,2.0261,2.0359,2.0162,2.0329,2.0336,2.0245,2.0176,2.0435,2.0054,1.9927,1.9567,1.9508,1.9268,1.9309,1.8978,1.8659
NaN,NaN,NaN,NaN,NaN,NaN,NaN,NaN,NaN,NaN,NaN,NaN,4.9759,4.3277,3.3162,3.3832,3.523,3.5976,3.4835,3.2947,3.1163,3.0931,2.9578,2.8653,2.7631,2.6918,2.6347,2.5468,2.4691,2.4444,2.3575,2.3321,2.2629,2.2665,2.3334,2.3051,2.3186,2.2543,2.2211,2.1865,2.1924,2.1782,2.1537,2.0914,2.0577,2.0129,1.9465,1.9542,1.901,1.8574,1.8707,1.8415,1.7935,1.7543,1.7327,1.6946,1.7072,1.678,1.7144,1.6974,1.6946,1.6732,1.6844,1.7017,1.7541,1.7533,1.8128,1.8845,1.9295,1.9655,1.9869,1.9703,1.9912,2.0053,2.0191,2.0222,2.0326,2.034,2.0356,2.0378,2.0575,2.0324,2.022,2.035,2.0055,1.9959,1.9596,1.9322,1.9134,1.9142,1.8959,1.8617
NaN,NaN,NaN,NaN,NaN,NaN,NaN,NaN,NaN,NaN,NaN,NaN,4.1609,4.4834,3.6448,3.323,3.5629,3.5417,3.4886,3.259,3.0967,3.0344,2.9123,2.8468,2.8047,2.7466,2.6084,2.5425,2.4642,2.42,2.3606,2.33,2.2677,2.263,2.2653,2.3059,2.3054,2.2482,2.2161,2.1892,2.1853,2.1812,2.1541,2.1169,2.0824,2.0168,1.9711,1.9385,1.9222,1.8736,1.8578,1.8152,1.796,1.7517,1.7327,1.7083,1.7125,1.7088,1.7097,1.7352,1.6988,1.6835,1.6714,1.6984,1.7086,1.7293,1.7757,1.8677,1.9247,1.9726,1.9729,1.9637,1.9894,2.0112,2.0041,2.033,2.0228,2.0176,2.0338,2.0492,2.0587,2.0287,2.0208,2.0076,1.9959,1.9837,1.9549,1.9337,1.9115,1.9049,1.8925,1.8901
NaN,NaN,NaN,NaN,NaN,NaN,NaN,NaN,NaN,NaN,NaN,NaN,5.003,4.835,3.8681,3.7495,3.4775,3.4537,3.5149,3.2478,3.1073,2.9993,2.8946,2.8907,2.8351,2.7021,2.6425,2.5231,2.4994,2.4227,2.3478,2.3216,2.3305,2.273,2.2539,2.2635,2.3026,2.2689,2.2195,2.1968,2.1892,2.1738,2.1621,2.1486,2.0864,2.052,1.9706,1.9772,1.9336,1.871,1.8229,1.8087,1.7938,1.7579,1.7302,1.7556,1.7486,1.7177,1.7331,1.726,1.7271,1.6878,1.6943,1.7039,1.727,1.7357,1.7752,1.8505,1.894,1.9677,1.9703,1.9742,1.9942,2.0179,2.0017,1.9998,2.0207,2.0178,2.0423,2.0263,2.0449,2.0308,2.0312,2.0045,1.9949,1.9812,1.9736,1.9373,1.9164,1.9037,1.8927,1.8799
NaN,NaN,NaN,NaN,NaN,NaN,NaN,NaN,NaN,NaN,NaN,NaN,NaN,4.6751,4.0811,3.5626,3.4826,3.4278,3.4831,3.3668,3.1339,3.043,2.9392,2.879,2.7968,2.7658,2.6276,2.552,2.484,2.4107,2.3296,2.297,2.2941,2.2761,2.2939,2.2695,2.2551,2.2437,2.2353,2.2027,2.1942,2.1972,2.1991,2.1505,2.1367,2.1062,2.0082,1.9852,1.9411,1.8601,1.829,1.8567,1.7914,1.7876,1.732,1.7628,1.7553,1.752,1.7181,1.73,1.7224,1.6911,1.7035,1.7059,1.7228,1.7484,1.7761,1.8385,1.8892,1.9535,1.9884,1.9754,1.974,2.0213,2.0314,2.0031,2.0118,2.0138,2.0152,2.0357,2.0043,2.0489,2.0141,2.0225,2.0059,1.9727,1.9709,1.9454,1.9272,1.9044,1.8946,1.8909
NaN,NaN,NaN,NaN,NaN,NaN,NaN,NaN,NaN,NaN,NaN,NaN,NaN,4.9321,4.1753,3.5078,3.1952,3.5014,3.432,3.3663,3.1563,3.0271,2.9133,2.8651,2.8593,2.7631,2.6564,2.5403,2.4803,2.3817,2.2902,2.2423,2.2857,2.2655,2.2177,2.2122,2.2128,2.2268,2.2335,2.1598,2.1857,2.1952,2.1945,2.1593,2.1421,2.102,2.0585,1.9877,1.9816,1.8555,1.8622,1.8424,1.8206,1.8008,1.7838,1.7671,1.7632,1.7468,1.7098,1.742,1.7273,1.7111,1.6969,1.7079,1.7289,1.741,1.7709,1.8392,1.8841,1.9502,1.9676,1.9751,1.969,2.0282,2.0006,2.0231,2.0108,2.0249,2.0066,2.0196,2.0003,2.012,2.013,2.0089,2.0026,1.98,1.9901,1.9509,1.9378,1.8978,1.919,1.8924
NaN,NaN,NaN,NaN,NaN,NaN,NaN,NaN,NaN,NaN,NaN,NaN,NaN,NaN,4.166,3.6655,3.2323,3.4312,3.4324,3.3665,3.1772,3.0316,2.8624,2.848,2.8851,2.7364,2.6162,2.5704,2.4754,2.3643,2.2722,2.2421,2.366,2.2551,2.2132,2.1843,2.1985,2.187,2.2352,2.1671,2.1425,2.1635,2.1579,2.1822,2.1592,2.1576,2.0743,2.0183,1.9924,1.9091,1.9171,1.8838,1.8487,1.8207,1.7954,1.784,1.7542,1.7468,1.7133,1.7326,1.7328,1.7026,1.7286,1.7231,1.7504,1.7399,1.7645,1.8431,1.8849,1.9487,1.967,1.9661,1.9688,1.9848,1.9952,2.0072,2.0251,1.9965,2.0206,2.0194,2.0088,2.0166,2.0248,1.9935,2.0024,1.9914,1.9844,1.9474,1.9679,1.93,1.9111,1.8783
NaN,NaN,NaN,NaN,NaN,NaN,NaN,NaN,NaN,NaN,NaN,NaN,NaN,NaN,4.4555,3.7265,3.4311,3.4467,3.423,3.3358,3.1592,3.0285,2.9411,2.8384,2.8755,2.7507,2.6274,2.5828,2.4615,2.3542,2.3577,2.2402,2.3475,2.2434,2.1702,2.1787,2.1726,2.2027,2.2225,2.162,2.1173,2.1262,2.1553,2.1678,2.1667,2.1794,2.1292,2.0382,1.9998,1.9824,1.9331,1.9332,1.852,1.9001,1.8117,1.7889,1.7689,1.7521,1.7179,1.7266,1.7337,1.7308,1.7283,1.7355,1.7462,1.7328,1.7647,1.8459,1.8822,1.9515,1.9801,1.9627,1.9699,1.9919,1.973,1.9996,2.0171,1.996,2.0104,2.0043,2.0002,2.0163,2.0274,1.97,2.0027,1.9635,1.9784,1.9796,1.9682,1.9475,1.9151,1.8846
NaN,NaN,NaN,NaN,NaN,NaN,NaN,NaN,NaN,NaN,NaN,NaN,NaN,NaN,NaN,4.0464,3.5656,3.4985,3.4361,3.2724,3.1191,3.0476,2.941,2.8314,2.7915,2.725,2.6568,2.5549,2.4847,2.3346,2.3652,2.2336,2.3395,2.3092,2.1665,2.1621,2.156,2.1385,2.2024,2.1705,2.1272,2.1598,2.1561,2.1618,2.1639,2.2095,2.1727,2.1179,2.0149,1.9976,1.9665,1.9452,1.9259,1.9007,1.8531,1.7976,1.7785,1.7935,1.746,1.7209,1.7409,1.7356,1.7212,1.7491,1.7593,1.7497,1.7685,1.8282,1.887,1.92,1.9424,1.9834,1.9691,1.9747,1.9597,2.0037,1.9887,1.978,1.9918,1.9825,2.0029,2.0071,1.9978,1.9683,1.9688,1.9563,1.963,1.9683,1.9236,1.949,1.927,1.8774
NaN,NaN,NaN,NaN,NaN,NaN,NaN,NaN,NaN,NaN,NaN,NaN,NaN,NaN,NaN,4.4372,3.6045,3.5427,3.4917,3.3408,3.1088,3.0041,2.91,2.7938,2.8305,2.7708,2.6761,2.601,2.4842,2.4227,2.3538,2.2169,2.3308,2.3323,2.1649,2.1267,2.1215,2.1218,2.2106,2.1779,2.1385,2.1636,2.1247,2.1415,2.1993,2.1829,2.1774,2.1645,2.0657,1.9874,1.9609,1.9802,1.9314,1.9806,1.8753,1.8297,1.8083,1.7931,1.7774,1.7458,1.7278,1.7256,1.7186,1.746,1.772,1.7704,1.7644,1.8328,1.8774,1.9026,1.9338,1.9721,1.9856,1.9647,1.9526,2.0178,2.0024,1.9809,1.9809,1.9897,1.9912,1.9913,1.9651,1.9631,1.9255,1.9187,1.9244,1.9272,1.9299,1.9251,1.9131,1.8579
NaN,NaN,NaN,NaN,NaN,NaN,NaN,NaN,NaN,NaN,NaN,NaN,NaN,NaN,NaN,4.9747,3.9189,3.5456,3.5886,3.2453,3.2099,2.9605,2.8558,2.7809,2.8079,2.9166,2.7246,2.6076,2.4349,2.3984,2.3739,2.2214,2.3023,2.3305,2.1747,2.1234,2.1135,2.0993,2.1789,2.194,2.1373,2.114,2.1259,2.1616,2.2173,2.1693,2.2014,2.167,2.0916,2.0441,1.9885,1.985,1.9841,1.9939,1.9024,1.8466,1.8176,1.8224,1.8006,1.7607,1.7338,1.7303,1.7178,1.752,1.7504,1.7656,1.7754,1.8384,1.8828,1.9043,1.9309,1.9659,2.0035,1.9734,1.9974,2.0011,1.9972,2.0038,2.0091,1.986,1.9986,1.9697,1.9528,1.943,1.9201,1.9006,1.9097,1.9067,1.9114,1.8921,1.8939,1.8657
NaN,NaN,NaN,NaN,NaN,NaN,NaN,NaN,NaN,NaN,NaN,NaN,NaN,NaN,NaN,NaN,4.1316,3.6846,3.6093,3.28,3.2358,2.9974,2.8528,2.8484,2.9017,2.909,2.9191,2.6332,2.4708,2.3304,2.3316,2.2217,2.1823,2.2265,2.1485,2.176,2.1255,2.0854,2.1919,2.1754,2.1452,2.1265,2.1191,2.1572,2.1836,2.2232,2.2103,2.1628,2.0991,2.0566,1.9927,1.9972,1.993,1.9419,1.9253,1.9178,1.873,1.8318,1.8043,1.759,1.7428,1.7441,1.7306,1.7544,1.7572,1.7615,1.7942,1.829,1.8692,1.9,1.9278,1.9797,1.9999,1.9949,1.9979,1.968,1.9901,1.9941,2.0145,1.9894,1.9939,1.9696,1.9527,1.9348,1.9325,1.909,1.897,1.9059,1.8857,1.8772,1.8792,1.8615
NaN,NaN,NaN,NaN,NaN,NaN,NaN,NaN,NaN,NaN,NaN,NaN,NaN,NaN,NaN,NaN,4.8887,3.856,3.3842,2.9841,3.2146,2.9817,2.9148,2.8981,2.9176,2.9511,2.8579,2.6499,2.4481,2.3251,2.3454,2.1958,2.186,2.2222,2.1895,2.1666,2.0997,2.0918,2.167,2.1742,2.1622,2.1447,2.1133,2.1406,2.1984,2.2585,2.2234,2.1939,2.1289,2.0468,2.0073,2.001,2.0046,1.9676,1.9491,1.9161,1.8698,1.8457,1.8551,1.7965,1.751,1.7549,1.7388,1.7532,1.767,1.7801,1.7941,1.8134,1.8557,1.8638,1.9248,1.9899,1.9939,2.0031,2.0037,1.9667,1.9893,1.984,1.9663,1.9935,1.9842,1.9679,1.9403,1.9475,1.9349,1.8998,1.8884,1.8866,1.8794,1.8793,1.8792,1.8403
NaN,NaN,NaN,NaN,NaN,NaN,NaN,NaN,NaN,NaN,NaN,NaN,NaN,NaN,NaN,NaN,NaN,4.2435,3.4567,2.9572,3.4026,3.0414,3.0866,2.9632,2.8882,2.9521,2.8814,2.6359,2.4418,2.3314,2.349,2.2084,2.1825,2.2225,2.225,2.1384,2.074,2.1068,2.1447,2.174,2.1642,2.123,2.1025,2.129,2.2413,2.2818,2.2168,2.2183,2.138,2.0506,2.0037,1.9906,2.028,1.975,1.9739,1.9383,1.882,1.8615,1.8518,1.8515,1.8155,1.8049,1.7736,1.7581,1.7771,1.7928,1.7915,1.7955,1.8523,1.8717,1.9206,1.9405,1.9819,1.9884,2.0048,1.9795,1.99,1.98,1.9603,1.942,1.9832,1.9613,1.9416,1.9036,1.9319,1.8873,1.8574,1.8847,1.8689,1.867,1.8749,1.8287
NaN,NaN,NaN,NaN,NaN,NaN,NaN,NaN,NaN,NaN,NaN,NaN,NaN,NaN,NaN,NaN,NaN,5.08,3.7463,3.211,3.2831,3.1857,3.0877,2.9543,2.9166,3.069,2.8958,2.8826,2.5355,2.461,2.3495,2.2645,2.2228,2.2031,2.1763,2.1094,2.0691,2.1035,2.137,2.1927,2.1347,2.1082,2.0701,2.1357,2.23,2.263,2.2605,2.2004,2.1514,2.0669,2.0117,1.9931,2.03,2.021,2.0025,1.9522,1.8703,1.8895,1.8807,1.8778,1.8288,1.8018,1.7877,1.7728,1.7768,1.7741,1.7654,1.7827,1.873,1.8789,1.9201,1.9617,1.9702,1.9973,1.9808,1.9848,1.9584,1.984,1.9541,1.9527,1.9497,1.9432,1.9273,1.9091,1.9174,1.8664,1.846,1.8227,1.83,1.8294,1.8463,1.8199
NaN,NaN,NaN,NaN,NaN,NaN,NaN,NaN,NaN,NaN,NaN,NaN,NaN,NaN,NaN,NaN,NaN,NaN,4.0205,3.5523,3.5338,3.51,3.0357,2.9663,3.002,2.9548,3.0552,2.8615,2.6886,2.4675,2.3987,2.2602,2.2305,2.2391,2.1977,2.155,2.0734,2.0976,2.1203,2.1691,2.1337,2.1366,2.0683,2.1138,2.1596,2.2141,2.2682,2.2196,2.1645,2.0727,2.0117,1.986,2.0165,2.0403,2.0219,1.977,1.9146,1.8807,1.881,1.8699,1.822,1.814,1.7742,1.7778,1.7531,1.7336,1.7659,1.7857,1.8623,1.8632,1.9033,1.9362,1.974,1.9798,1.9727,2.0018,1.9617,1.9797,1.9411,1.9578,1.9361,1.9372,1.9246,1.9044,1.8988,1.8574,1.8205,1.8074,1.8126,1.8217,1.8211,1.8245
NaN,NaN,NaN,NaN,NaN,NaN,NaN,NaN,NaN,NaN,NaN,NaN,NaN,NaN,NaN,NaN,NaN,NaN,4.0606,3.8616,3.6548,3.4696,3.1617,3.078,3.0602,3.0328,3.0165,2.9229,2.6856,2.5089,2.4234,2.2616,2.2433,2.2427,2.2119,2.1682,2.1343,2.0562,2.1062,2.1442,2.1518,2.1238,2.0631,2.1077,2.1353,2.2104,2.2637,2.2158,2.1934,2.0875,2.0099,1.9859,2.0336,2.0537,2.0276,2.01,1.9255,1.8692,1.8527,1.8406,1.8099,1.8215,1.7792,1.749,1.7498,1.7789,1.7608,1.7931,1.8269,1.8893,1.9114,1.93,1.9639,1.9732,1.9801,1.984,1.9948,1.965,1.9713,1.9552,1.9248,1.9279,1.904,1.8819,1.897,1.8677,1.812,1.8107,1.8048,1.8088,1.8072,1.8117
NaN,NaN,NaN,NaN,NaN,NaN,NaN,NaN,NaN,NaN,NaN,NaN,NaN,NaN,NaN,NaN,NaN,NaN,4.015,3.9499,3.7977,3.5836,3.4508,3.1566,3.0488,3.0826,3.1187,2.9281,2.6882,2.4982,2.4404,2.2726,2.2611,2.2217,2.2081,2.1761,2.1511,2.0423,2.1236,2.144,2.1474,2.123,2.0639,2.0789,2.1293,2.2024,2.2463,2.2065,2.2011,2.1244,2.04,1.9915,2.035,2.036,2.0557,2.0207,1.931,1.8805,1.8543,1.8235,1.7972,1.7909,1.7932,1.7556,1.7512,1.7756,1.7449,1.8074,1.8181,1.8797,1.8983,1.9311,1.9366,1.95,1.9771,1.9566,1.9917,1.9488,1.9661,1.9447,1.9379,1.9269,1.8942,1.8561,1.8879,1.8469,1.8095,1.7845,1.788,1.8088,1.8032,1.8021
NaN,NaN,NaN,NaN,NaN,NaN,NaN,NaN,NaN,NaN,NaN,NaN,NaN,NaN,NaN,NaN,NaN,NaN,4.4382,3.8497,3.895,3.7007,3.4541,3.2177,3.1892,3.1065,2.9985,2.9604,2.7863,2.5524,2.5064,2.3129,2.2774,2.2159,2.1965,2.1644,2.1333,2.0655,2.1134,2.1397,2.1109,2.1512,2.0868,2.0804,2.1142,2.2293,2.2355,2.2205,2.1872,2.1486,2.0817,2.0042,2.0305,2.0721,2.065,2.0624,1.9907,1.8879,1.8573,1.8242,1.8083,1.8023,1.7685,1.7741,1.7189,1.7204,1.7155,1.7965,1.8304,1.8788,1.8986,1.9137,1.9219,1.9196,1.9605,1.9417,1.9757,1.9597,1.9613,1.936,1.9364,1.9099,1.884,1.8626,1.8767,1.8381,1.7783,1.7696,1.762,1.7845,1.7709,1.7707
NaN,NaN,NaN,NaN,NaN,NaN,NaN,NaN,NaN,NaN,NaN,NaN,NaN,NaN,NaN,NaN,NaN,NaN,NaN,4.1398,4.0571,3.5312,3.4586,3.2124,3.1185,2.9899,3.006,2.9734,2.8407,2.6795,2.5025,2.3013,2.2348,2.2345,2.2061,2.1765,2.1432,2.0702,2.1157,2.1175,2.1238,2.1609,2.0835,2.05,2.0608,2.1597,2.2194,2.2135,2.1715,2.1454,2.0694,2.0509,2.0275,2.06,2.091,2.0721,2.03,1.9389,1.8701,1.8281,1.8085,1.7846,1.7746,1.7595,1.7029,1.706,1.714,1.7617,1.8134,1.8691,1.8717,1.9022,1.9255,1.9209,1.9668,1.9563,1.9662,1.952,1.9689,1.946,1.9455,1.9013,1.8725,1.9066,1.8687,1.8155,1.7859,1.7777,1.7618,1.7679,1.7533,1.7334
NaN,NaN,NaN,NaN,NaN,NaN,NaN,NaN,NaN,NaN,NaN,NaN,NaN,NaN,NaN,NaN,NaN,NaN,NaN,4.7095,4.2988,3.7309,3.4341,3.6105,3.1263,3.0023,2.9819,2.956,2.8273,2.6807,2.4581,2.3197,2.2791,2.2298,2.2451,2.1969,2.1696,2.0711,2.1086,2.0951,2.1188,2.1643,2.0787,2.0305,2.0573,2.15,2.2017,2.231,2.2366,2.1446,2.0989,2.0468,2.0584,2.0729,2.0619,2.0747,2.04,2.0213,1.9177,1.8635,1.8095,1.784,1.7619,1.7608,1.7101,1.6969,1.7274,1.7286,1.8,1.8381,1.8705,1.8899,1.8846,1.9249,1.9632,1.9508,1.9564,1.9297,1.9635,1.9383,1.9426,1.9115,1.9202,1.9461,1.8585,1.8201,1.7759,1.7731,1.7464,1.7631,1.7367,1.7324
NaN,NaN,NaN,NaN,NaN,NaN,NaN,NaN,NaN,NaN,NaN,NaN,NaN,NaN,NaN,NaN,NaN,NaN,NaN,NaN,4.5898,3.8339,3.5771,3.2968,3.0829,3.0585,3.0251,2.9222,2.7865,2.6812,2.4983,2.3497,2.2869,2.2931,2.254,2.1991,2.1654,2.1188,2.1215,2.0993,2.0998,2.1501,2.1148,2.0342,2.0324,2.1017,2.1854,2.2312,2.2528,2.1582,2.1105,2.0628,2.0851,2.068,2.0675,2.0973,2.0617,2.0323,1.954,1.8777,1.8177,1.7874,1.7712,1.7615,1.7153,1.6898,1.7182,1.7263,1.7834,1.8203,1.8679,1.8804,1.8957,1.9513,1.9276,1.9494,1.9548,1.9263,1.9348,1.9403,1.8972,1.9076,1.9275,1.927,1.8709,1.8217,1.7527,1.7364,1.7452,1.7231,1.7359,1.7315
NaN,NaN,NaN,NaN,NaN,NaN,NaN,NaN,NaN,NaN,NaN,NaN,NaN,NaN,NaN,NaN,NaN,NaN,NaN,NaN,NaN,4.0836,3.6788,3.3754,3.1459,3.1324,3.047,3.0151,2.7732,2.6884,2.5474,2.2881,2.2706,2.2746,2.3098,2.2065,2.1953,2.1412,2.1781,2.0963,2.1165,2.1112,2.131,2.0591,2.0289,2.078,2.1357,2.2155,2.2382,2.2132,2.1299,2.1324,2.0832,2.0666,2.0561,2.0857,2.0656,2.0304,1.9545,1.8814,1.8216,1.8092,1.7624,1.7475,1.7212,1.6789,1.7001,1.7271,1.7903,1.8409,1.8539,1.8759,1.8922,1.9411,1.9535,1.9494,1.965,1.9453,1.9137,1.9194,1.887,1.8985,1.9166,1.894,1.8658,1.8136,1.7493,1.7336,1.7146,1.7225,1.7119,1.7211
NaN,NaN,NaN,NaN,NaN,NaN,NaN,NaN,NaN,NaN,NaN,NaN,NaN,NaN,NaN,NaN,NaN,NaN,NaN,NaN,NaN,4.0971,3.7335,3.5121,3.5796,3.1407,3.0648,2.9199,2.6668,2.7181,2.4985,2.3439,2.2838,2.3172,2.3248,2.2922,2.2127,2.1619,2.1789,2.1341,2.1163,2.118,2.1216,2.0602,2.0363,2.0706,2.1216,2.1553,2.2301,2.2191,2.1337,2.1116,2.0818,2.081,2.0803,2.0752,2.0501,2.0411,1.9755,1.8878,1.8392,1.835,1.8006,1.7527,1.73,1.6876,1.7025,1.7292,1.7751,1.8283,1.8539,1.8575,1.8859,1.9108,1.9449,1.9537,1.961,1.9335,1.914,1.9179,1.8848,1.8992,1.8667,1.8863,1.8259,1.8056,1.7423,1.7337,1.7244,1.7276,1.7035,1.7058
NaN,NaN,NaN,NaN,NaN,NaN,NaN,NaN,NaN,NaN,NaN,NaN,NaN,NaN,NaN,NaN,NaN,NaN,NaN,NaN,NaN,NaN,3.9505,3.8665,3.3836,3.2342,3.0683,3.1209,2.8968,2.7907,2.558,2.3365,2.3845,2.3425,2.3281,2.391,2.2386,2.163,2.2138,2.1423,2.1032,2.0968,2.0683,2.05,2.0271,2.0536,2.0596,2.109,2.1668,2.15,2.1118,2.0913,2.0803,2.0683,2.0767,2.0486,2.0273,2.0389,1.9895,1.9049,1.8447,1.8317,1.8096,1.7748,1.7351,1.7335,1.7057,1.742,1.719,1.7856,1.8164,1.8378,1.8873,1.916,1.9364,1.934,1.9339,1.9276,1.9318,1.927,1.9113,1.9154,1.8746,1.8492,1.8186,1.788,1.7374,1.7601,1.7342,1.718,1.6964,1.71
NaN,NaN,NaN,NaN,NaN,NaN,NaN,NaN,NaN,NaN,NaN,NaN,NaN,NaN,NaN,NaN,NaN,NaN,NaN,NaN,NaN,NaN,4.2766,3.8949,3.5383,3.134,3.1009,3.257,3.1705,2.75,2.7208,2.4412,2.377,2.3491,2.3696,2.3579,2.2986,2.2062,2.1977,2.1704,2.1156,2.0826,2.0804,2.0227,2.0267,2.0403,2.0319,2.0905,2.1787,2.1282,2.1288,2.0776,2.0753,2.0523,2.0975,2.0433,2.0217,1.9877,1.9977,1.9469,1.8817,1.8383,1.7965,1.758,1.7779,1.7592,1.7045,1.6904,1.7262,1.7603,1.7955,1.8269,1.8685,1.9101,1.9062,1.9014,1.9341,1.9249,1.9194,1.9318,1.9086,1.9019,1.8785,1.8669,1.7925,1.7816,1.775,1.7692,1.7576,1.7114,1.6934,1.7106
NaN,NaN,NaN,NaN,NaN,NaN,NaN,NaN,NaN,NaN,NaN,NaN,NaN,NaN,NaN,NaN,NaN,NaN,NaN,NaN,NaN,NaN,4.0827,3.8253,3.722,3.1886,3.1585,3.336,2.9481,2.7799,2.7259,2.4829,2.4336,2.3697,2.3376,2.3369,2.2871,2.2192,2.1922,2.1876,2.1794,2.1341,2.0737,2.0274,2.0261,2.0077,2.0238,2.0818,2.1667,2.1221,2.1521,2.1106,2.1217,2.0821,2.0816,2.0237,2.0084,1.9929,1.9976,1.9488,1.8767,1.8227,1.7801,1.7731,1.7801,1.7738,1.7135,1.7081,1.7132,1.754,1.787,1.8153,1.8617,1.8941,1.9103,1.9128,1.9125,1.9242,1.9024,1.9197,1.9118,1.9044,1.8706,1.8521,1.811,1.796,1.766,1.7637,1.735,1.714,1.6913,1.6882
NaN,NaN,NaN,NaN,NaN,NaN,NaN,NaN,NaN,NaN,NaN,NaN,NaN,NaN,NaN,NaN,NaN,NaN,NaN,NaN,NaN,NaN,NaN,3.9291,3.869,3.2697,3.1956,3.2182,3.0109,2.8566,2.7808,2.5751,2.4754,2.4036,2.3159,2.3234,2.238,2.2203,2.188,2.1916,2.1944,2.1562,2.0929,2.0532,2.0025,2.0266,2.0557,2.0573,2.0999,2.1657,2.1447,2.1464,2.1236,2.0788,2.0545,2.0032,1.9884,1.9768,1.9828,1.947,1.8913,1.8024,1.78,1.7767,1.7803,1.7988,1.7309,1.7094,1.6986,1.7438,1.764,1.8138,1.8504,1.888,1.889,1.9049,1.9076,1.9144,1.9061,1.9099,1.9013,1.8892,1.8678,1.853,1.8143,1.7895,1.7742,1.7566,1.7435,1.7071,1.7037,1.6896
NaN,NaN,NaN,NaN,NaN,NaN,NaN,NaN,NaN,NaN,NaN,NaN,NaN,NaN,NaN,NaN,NaN,NaN,NaN,NaN,NaN,NaN,NaN,4.2385,3.9858,3.3846,3.2709,3.0553,3.0618,2.7463,2.7414,2.6402,2.5038,2.4105,2.4707,2.368,2.257,2.2665,2.2088,2.2157,2.1937,2.2,2.1056,2.0683,1.9999,2.0486,2.0644,2.0365,2.0634,2.1561,2.183,2.1582,2.1732,2.094,2.0546,2.013,1.9736,1.9814,1.9598,1.9504,1.8829,1.7948,1.7744,1.7764,1.7832,1.7884,1.7506,1.7087,1.7176,1.7236,1.746,1.7818,1.8454,1.8543,1.885,1.9136,1.9013,1.9035,1.9176,1.8987,1.8969,1.8777,1.8761,1.8532,1.8325,1.7955,1.7632,1.7588,1.7404,1.715,1.6948,1.6894
NaN,NaN,NaN,NaN,NaN,NaN,NaN,NaN,NaN,NaN,NaN,NaN,NaN,NaN,NaN,NaN,NaN,NaN,NaN,NaN,NaN,NaN,NaN,NaN,4.0553,3.5356,3.3385,3.3192,3.1367,3.0685,2.9001,2.6624,2.5031,2.4884,2.4718,2.375,2.3039,2.2985,2.2943,2.2423,2.2208,2.1892,2.1539,2.0613,2.029,2.0087,2.0616,2.0351,2.0669,2.1912,2.2131,2.1884,2.1622,2.1171,2.0495,2.0136,1.9929,1.9888,1.9562,1.955,1.9146,1.8088,1.794,1.7432,1.7665,1.7831,1.7387,1.723,1.6883,1.7237,1.7584,1.7405,1.8061,1.8546,1.8602,1.9093,1.9063,1.919,1.9025,1.9033,1.8862,1.8867,1.8704,1.8411,1.8564,1.8187,1.7728,1.766,1.7339,1.7175,1.6982,1.6885
NaN,NaN,NaN,NaN,NaN,NaN,NaN,NaN,NaN,NaN,NaN,NaN,NaN,NaN,NaN,NaN,NaN,NaN,NaN,NaN,NaN,NaN,NaN,NaN,4.3414,3.8682,3.2835,3.1154,3.1642,3.051,2.8746,2.6665,2.6533,2.5033,2.4374,2.3948,2.398,2.2879,2.3236,2.2703,2.2492,2.2122,2.1622,2.1156,2.0497,1.9895,2.0555,2.0394,2.069,2.1761,2.2125,2.1959,2.1318,2.1393,2.0599,2.0098,1.9845,1.9747,1.9635,1.9298,1.9162,1.8459,1.7923,1.7457,1.7507,1.7387,1.7473,1.7034,1.6858,1.7123,1.7117,1.7346,1.7791,1.8492,1.8542,1.8872,1.9027,1.9046,1.9168,1.8753,1.8795,1.8815,1.8591,1.8312,1.8253,1.8145,1.7913,1.7543,1.732,1.724,1.7052,1.691
NaN,NaN,NaN,NaN,NaN,NaN,NaN,NaN,NaN,NaN,NaN,NaN,NaN,NaN,NaN,NaN,NaN,NaN,NaN,NaN,NaN,NaN,NaN,NaN,4.1343,4.0491,3.3281,3.2559,3.1823,3.0662,2.975,2.6732,2.5618,2.5574,2.4522,2.4951,2.39,2.3769,2.3413,2.3273,2.231,2.2007,2.1754,2.1492,2.097,2.0717,2.0526,1.9906,2.0635,2.1803,2.2524,2.1889,2.1447,2.1184,2.1007,2.0388,1.9346,1.9503,1.949,1.9384,1.9087,1.8449,1.7946,1.7604,1.7182,1.738,1.7502,1.7254,1.6792,1.7189,1.7117,1.7198,1.7726,1.8072,1.8406,1.8428,1.8961,1.8853,1.8882,1.8964,1.8627,1.877,1.8505,1.8367,1.8206,1.8188,1.7893,1.7639,1.7386,1.723,1.6983,1.7036
NaN,NaN,NaN,NaN,NaN,NaN,NaN,NaN,NaN,NaN,NaN,NaN,NaN,NaN,NaN,NaN,NaN,NaN,NaN,NaN,NaN,NaN,NaN,NaN,NaN,4.3447,3.662,3.2989,3.1561,3.0294,2.9811,2.655,2.6456,2.5545,2.4031,2.3856,2.3545,2.3742,2.3364,2.309,2.288,2.1974,2.182,2.1411,2.1515,2.0777,2.0512,2.0204,2.066,2.1626,2.243,2.1693,2.124,2.136,2.0936,2.0434,1.972,1.9492,1.9092,1.9288,1.9024,1.8522,1.8007,1.7812,1.7122,1.7204,1.7327,1.7193,1.7199,1.7068,1.7121,1.7208,1.7499,1.804,1.7939,1.8303,1.8869,1.8777,1.8706,1.8775,1.8535,1.8624,1.8524,1.8156,1.8163,1.8128,1.7795,1.7753,1.7332,1.7422,1.704,1.7094
NaN,NaN,NaN,NaN,NaN,NaN,NaN,NaN,NaN,NaN,NaN,NaN,NaN,NaN,NaN,NaN,NaN,NaN,NaN,NaN,NaN,NaN,NaN,NaN,NaN,4.7779,3.7718,3.2754,3.0414,3.0529,3.2466,2.8333,2.6861,2.6931,2.4772,2.4623,2.4221,2.4035,2.2782,2.3266,2.3208,2.2481,2.2025,2.1787,2.1564,2.0966,2.0465,2.0862,2.1138,2.1629,2.1681,2.1926,2.1815,2.1262,2.0751,2.0454,1.9856,1.9714,1.9344,1.9145,1.835,1.8055,1.7926,1.7879,1.7399,1.7344,1.727,1.7457,1.7721,1.7172,1.7128,1.7169,1.7465,1.75,1.7755,1.7802,1.8453,1.8641,1.8687,1.8555,1.8453,1.8596,1.8388,1.8137,1.8033,1.8074,1.7689,1.7601,1.7599,1.7459,1.7221,1.7111
NaN,NaN,NaN,NaN,NaN,NaN,NaN,NaN,NaN,NaN,NaN,NaN,NaN,NaN,NaN,NaN,NaN,NaN,NaN,NaN,NaN,NaN,NaN,NaN,NaN,NaN,3.666,3.5048,3.3859,3.2109,3.081,3.0292,2.8015,2.7186,2.6534,2.5288,2.4318,2.4783,2.3607,2.3715,2.2865,2.2404,2.1832,2.2324,2.156,2.114,2.0866,2.0832,2.1325,2.1638,2.1631,2.2189,2.1829,2.1738,2.1186,2.0821,1.9949,1.9608,1.9378,1.8847,1.8429,1.7993,1.7978,1.7615,1.7444,1.7202,1.7166,1.7609,1.7743,1.7232,1.7191,1.7166,1.72,1.7376,1.7532,1.7889,1.8058,1.8406,1.7976,1.8266,1.8454,1.8606,1.8467,1.8114,1.8007,1.8187,1.756,1.778,1.7681,1.7412,1.7431,1.7104
NaN,NaN,NaN,NaN,NaN,NaN,NaN,NaN,NaN,NaN,NaN,NaN,NaN,NaN,NaN,NaN,NaN,NaN,NaN,NaN,NaN,NaN,NaN,NaN,NaN,NaN,4.6902,3.4684,3.2859,3.1682,3.2285,3.082,2.7727,2.6717,2.6695,2.5642,2.4418,2.459,2.3861,2.3766,2.2704,2.1893,2.1982,2.2157,2.168,2.1724,2.1521,2.1314,2.1413,2.1801,2.1857,2.2203,2.2015,2.1631,2.1259,2.069,2.0114,2.0038,1.9661,1.8766,1.8325,1.7967,1.7527,1.7641,1.7195,1.7139,1.7163,1.7442,1.7679,1.7227,1.717,1.7081,1.7025,1.7444,1.7619,1.7706,1.7814,1.785,1.7991,1.8319,1.8288,1.869,1.8732,1.8083,1.8155,1.8123,1.7671,1.7737,1.7815,1.7535,1.7262,1.7334
NaN,NaN,NaN,NaN,NaN,NaN,NaN,NaN,NaN,NaN,NaN,NaN,NaN,NaN,NaN,NaN,NaN,NaN,NaN,NaN,NaN,NaN,NaN,NaN,NaN,NaN,NaN,3.905,3.2098,3.1532,3.2288,3.1361,2.9273,2.7522,2.5715,2.6507,2.5254,2.4992,2.3871,2.3245,2.3538,2.2066,2.2414,2.2152,2.1698,2.1736,2.1629,2.1839,2.1719,2.1827,2.1829,2.205,2.2091,2.1659,2.1308,2.0748,2.0572,2.0109,1.943,1.8859,1.8379,1.7909,1.7535,1.7391,1.7303,1.7109,1.7225,1.7403,1.7585,1.7189,1.6855,1.6652,1.6796,1.7347,1.7461,1.7642,1.7456,1.7759,1.7792,1.8241,1.8252,1.8706,1.86,1.802,1.7934,1.7829,1.7623,1.7628,1.7764,1.7403,1.7374,1.7347
NaN,NaN,NaN,NaN,NaN,NaN,NaN,NaN,NaN,NaN,NaN,NaN,NaN,NaN,NaN,NaN,NaN,NaN,NaN,NaN,NaN,NaN,NaN,NaN,NaN,NaN,NaN,4.3495,3.3462,3.4269,2.9541,3.0836,2.8248,2.6814,2.4634,2.612,2.5194,2.4983,2.4633,2.3319,2.3716,2.2937,2.2445,2.2164,2.1786,2.2041,2.1819,2.1932,2.226,2.2049,2.1971,2.2261,2.2411,2.1768,2.1383,2.0898,2.0468,2.0292,1.9303,1.9336,1.8476,1.8103,1.746,1.717,1.7113,1.7103,1.7156,1.7041,1.7347,1.7234,1.6663,1.6653,1.6571,1.7038,1.7218,1.7634,1.7561,1.7751,1.7825,1.8005,1.8143,1.8467,1.8567,1.8205,1.794,1.764,1.7795,1.7621,1.7659,1.7517,1.745,1.7277
NaN,NaN,NaN,NaN,NaN,NaN,NaN,NaN,NaN,NaN,NaN,NaN,NaN,NaN,NaN,NaN,NaN,NaN,NaN,NaN,NaN,NaN,NaN,NaN,NaN,NaN,NaN,4.4946,3.9497,3.3986,3.3141,3.1627,2.8187,2.841,2.4867,2.4713,2.4978,2.4947,2.4489,2.3803,2.336,2.3045,2.1862,2.2038,2.1872,2.1875,2.2303,2.1932,2.2223,2.2062,2.222,2.2171,2.262,2.2027,2.1597,2.0907,2.0251,2.0225,1.9515,1.9476,1.8723,1.813,1.7676,1.6984,1.683,1.7239,1.7044,1.7007,1.7024,1.721,1.6691,1.6562,1.6546,1.6816,1.7138,1.751,1.7359,1.7533,1.7696,1.8129,1.8174,1.835,1.8336,1.8225,1.7794,1.7811,1.7953,1.7878,1.7979,1.7686,1.7513,1.7375
NaN,NaN,NaN,NaN,NaN,NaN,NaN,NaN,NaN,NaN,NaN,NaN,NaN,NaN,NaN,NaN,NaN,NaN,NaN,NaN,NaN,NaN,NaN,NaN,NaN,NaN,NaN,NaN,3.7939,3.4092,3.4105,3.0955,3.0513,2.8256,2.5545,2.6083,2.5909,2.5378,2.5092,2.3185,2.3211,2.2921,2.2506,2.2028,2.19,2.2186,2.2673,2.2124,2.21,2.2394,2.232,2.2312,2.2686,2.2391,2.1932,2.1176,2.0362,1.9952,1.9913,1.9924,1.8772,1.8409,1.7885,1.7316,1.6942,1.7036,1.7027,1.6792,1.6778,1.6851,1.6615,1.6393,1.6358,1.6803,1.6938,1.7327,1.7578,1.7618,1.7567,1.7715,1.7996,1.813,1.847,1.8095,1.7918,1.7739,1.7847,1.8073,1.8075,1.7961,1.7798,1.782
NaN,NaN,NaN,NaN,NaN,NaN,NaN,NaN,NaN,NaN,NaN,NaN,NaN,NaN,NaN,NaN,NaN,NaN,NaN,NaN,NaN,NaN,NaN,NaN,NaN,NaN,NaN,NaN,4.462,3.6535,3.4322,3.0887,3.0946,2.7608,2.7126,2.6488,2.5839,2.5662,2.5387,2.3003,2.3134,2.3349,2.26,2.2159,2.2155,2.2409,2.2499,2.2151,2.1993,2.2428,2.2372,2.2385,2.2523,2.2266,2.2324,2.139,2.038,2.0136,2.0222,1.9683,1.9061,1.8553,1.8036,1.7257,1.7061,1.707,1.6912,1.6837,1.6795,1.6592,1.6442,1.5985,1.6396,1.6418,1.6999,1.7209,1.7429,1.7451,1.7414,1.7566,1.7898,1.7914,1.8449,1.8298,1.7909,1.7766,1.7991,1.7892,1.8224,1.8067,1.7941,1.7793
NaN,NaN,NaN,NaN,NaN,NaN,NaN,NaN,NaN,NaN,NaN,NaN,NaN,NaN,NaN,NaN,NaN,NaN,NaN,NaN,NaN,NaN,NaN,NaN,NaN,NaN,NaN,NaN,NaN,3.6998,3.5403,3.0313,3.1016,2.8638,2.7094,2.6375,2.591,2.5536,2.5254,2.3544,2.3326,2.3061,2.2647,2.2261,2.2329,2.2808,2.2732,2.2336,2.2085,2.2251,2.2648,2.2677,2.2865,2.2563,2.2478,2.1755,2.0861,2.0233,2.0297,1.9684,1.945,1.8566,1.843,1.7463,1.708,1.7149,1.6912,1.6719,1.6603,1.6638,1.6426,1.6127,1.5994,1.6226,1.653,1.7186,1.7111,1.7376,1.7246,1.7495,1.7547,1.7964,1.8253,1.8181,1.8049,1.7826,1.7967,1.7937,1.8358,1.8193,1.7958,1.8035
NaN,NaN,NaN,NaN,NaN,NaN,NaN,NaN,NaN,NaN,NaN,NaN,NaN,NaN,NaN,NaN,NaN,NaN,NaN,NaN,NaN,NaN,NaN,NaN,NaN,NaN,NaN,NaN,NaN,4.1032,3.5602,3.5178,3.2307,2.8802,2.904,2.6802,2.6197,2.6466,2.5125,2.3787,2.4087,2.3433,2.3114,2.2444,2.2451,2.2723,2.2835,2.2468,2.2662,2.1976,2.2425,2.2954,2.299,2.3331,2.281,2.1805,2.1068,2.1011,2.0359,1.9964,1.9575,1.9163,1.8433,1.8089,1.7547,1.7387,1.6925,1.6487,1.6519,1.6385,1.6274,1.617,1.6051,1.6201,1.6275,1.6798,1.708,1.7184,1.7282,1.7342,1.7586,1.774,1.8208,1.8069,1.8006,1.7996,1.8107,1.8156,1.7971,1.8202,1.8117,1.7994
NaN,NaN,NaN,NaN,NaN,NaN,NaN,NaN,NaN,NaN,NaN,NaN,NaN,NaN,NaN,NaN,NaN,NaN,NaN,NaN,NaN,NaN,NaN,NaN,NaN,NaN,NaN,NaN,NaN,4.0015,3.5877,3.6418,3.1701,2.8657,3.0286,2.786,2.5716,2.6472,2.5479,2.5066,2.4224,2.3401,2.3108,2.2801,2.2362,2.2506,2.3073,2.2712,2.2578,2.194,2.2447,2.2881,2.3158,2.3639,2.2975,2.2275,2.1653,2.1862,2.0691,2.0241,1.981,1.946,1.9094,1.8172,1.8019,1.7422,1.6993,1.6492,1.6321,1.6388,1.6301,1.6424,1.6119,1.6387,1.6324,1.673,1.711,1.705,1.7004,1.7059,1.7559,1.7639,1.7893,1.7997,1.7935,1.7803,1.8085,1.825,1.819,1.827,1.8246,1.8001
NaN,NaN,NaN,NaN,NaN,NaN,NaN,NaN,NaN,NaN,NaN,NaN,NaN,NaN,NaN,NaN,NaN,NaN,NaN,NaN,NaN,NaN,NaN,NaN,NaN,NaN,NaN,NaN,NaN,4.5224,3.7095,3.6872,3.335,3.1181,2.9397,2.7421,2.6485,2.6649,2.662,2.5148,2.5402,2.3925,2.377,2.2926,2.2837,2.2807,2.2976,2.2814,2.2559,2.2176,2.2424,2.3336,2.3205,2.381,2.2793,2.3016,2.2241,2.2138,2.1387,2.0972,2.0358,1.9671,1.9337,1.9118,1.8082,1.7788,1.7109,1.6596,1.6189,1.6339,1.6521,1.6453,1.6472,1.6413,1.6335,1.6845,1.7059,1.6965,1.6825,1.7065,1.7359,1.7494,1.7628,1.7797,1.7822,1.7821,1.8226,1.8313,1.8292,1.8499,1.8356,1.8225
NaN,NaN,NaN,NaN,NaN,NaN,NaN,NaN,NaN,NaN,NaN,NaN,NaN,NaN,NaN,NaN,NaN,NaN,NaN,NaN,NaN,NaN,NaN,NaN,NaN,NaN,NaN,NaN,NaN,NaN,3.7447,3.685,3.3294,3.2195,2.8641,2.7688,2.8088,2.6742,2.7403,2.5652,2.545,2.4297,2.4143,2.34,2.2538,2.2525,2.2612,2.2671,2.258,2.1995,2.2983,2.3639,2.4056,2.3438,2.3879,2.2933,2.2413,2.2407,2.1532,2.1147,2.0487,2.0126,1.9895,1.9282,1.8633,1.7916,1.7508,1.6794,1.6167,1.6245,1.6579,1.6481,1.6528,1.6523,1.6341,1.666,1.6896,1.6901,1.6881,1.6772,1.725,1.734,1.743,1.7498,1.7545,1.7856,1.8406,1.8187,1.831,1.8445,1.8585,1.8179
NaN,NaN,NaN,NaN,NaN,NaN,NaN,NaN,NaN,NaN,NaN,NaN,NaN,NaN,NaN,NaN,NaN,NaN,NaN,NaN,NaN,NaN,NaN,NaN,NaN,NaN,NaN,NaN,NaN,NaN,4.2603,3.5804,3.2461,3.1397,2.9586,2.8458,2.7663,2.7571,2.8506,2.6715,2.5119,2.469,2.4657,2.3661,2.2966,2.3036,2.2576,2.2932,2.2662,2.2292,2.3314,2.3863,2.5216,2.4006,2.423,2.3663,2.3224,2.2429,2.2238,2.1219,2.1063,2.0325,2.0046,1.9395,1.8815,1.8175,1.7928,1.6862,1.64,1.6167,1.6442,1.6552,1.6561,1.6249,1.6238,1.6326,1.6671,1.6785,1.6551,1.6727,1.6888,1.7317,1.7107,1.7449,1.7479,1.7736,1.8249,1.8111,1.8356,1.8484,1.8536,1.8369
NaN,NaN,NaN,NaN,NaN,NaN,NaN,NaN,NaN,NaN,NaN,NaN,NaN,NaN,NaN,NaN,NaN,NaN,NaN,NaN,NaN,NaN,NaN,NaN,NaN,NaN,NaN,NaN,NaN,NaN,NaN,3.6252,3.3335,2.9791,2.8099,2.818,2.8305,2.8988,2.8839,2.6868,2.6306,2.5048,2.4108,2.3302,2.3211,2.2807,2.2374,2.2845,2.3069,2.2679,2.3525,2.4014,2.5583,2.5183,2.4536,2.3772,2.3434,2.2967,2.244,2.1886,2.1025,2.0686,2.0011,1.9541,1.9091,1.8688,1.8064,1.7249,1.6482,1.5923,1.6092,1.6534,1.6306,1.6247,1.62,1.6298,1.651,1.6672,1.6629,1.6834,1.676,1.6885,1.7155,1.738,1.7529,1.7714,1.8218,1.8274,1.8274,1.8502,1.8701,1.8411
NaN,NaN,NaN,NaN,NaN,NaN,NaN,NaN,NaN,NaN,NaN,NaN,NaN,NaN,NaN,NaN,NaN,NaN,NaN,NaN,NaN,NaN,NaN,NaN,NaN,NaN,NaN,NaN,NaN,NaN,NaN,NaN,3.3065,2.8513,2.8843,2.9418,2.7804,2.9462,2.8471,2.7853,2.7012,2.5011,2.4538,2.3825,2.3194,2.2743,2.2539,2.2947,2.2949,2.2485,2.3338,2.4008,2.5414,2.5605,2.4654,2.3973,2.3349,2.3199,2.3206,2.2318,2.1565,2.0803,2.0037,1.9623,1.9151,1.8815,1.8472,1.7445,1.686,1.6114,1.5824,1.6122,1.625,1.6325,1.6203,1.6362,1.6461,1.642,1.6547,1.679,1.6811,1.6969,1.6846,1.7402,1.748,1.779,1.8112,1.8269,1.8473,1.8482,1.8574,1.8438
NaN,NaN,NaN,NaN,NaN,NaN,NaN,NaN,NaN,NaN,NaN,NaN,NaN,NaN,NaN,NaN,NaN,NaN,NaN,NaN,NaN,NaN,NaN,NaN,NaN,NaN,NaN,NaN,NaN,NaN,NaN,2.9207,3.0239,2.8062,2.9327,2.9447,2.8213,2.8773,2.8788,2.7929,2.5938,2.5409,2.4609,2.3873,2.3432,2.2866,2.2663,2.3075,2.2851,2.2883,2.2905,2.4796,2.5391,2.529,2.4591,2.4439,2.3861,2.3531,2.3744,2.25,2.1864,2.1122,2.0601,1.9845,1.9206,1.9119,1.8652,1.7578,1.7057,1.6172,1.5967,1.5835,1.6057,1.5721,1.5826,1.633,1.6566,1.6479,1.6602,1.6696,1.6738,1.6944,1.6946,1.7068,1.7365,1.7665,1.8065,1.8195,1.8408,1.8564,1.8596,1.8515
NaN,NaN,NaN,NaN,NaN,NaN,NaN,NaN,NaN,NaN,NaN,NaN,NaN,NaN,NaN,NaN,NaN,NaN,NaN,NaN,NaN,NaN,NaN,NaN,NaN,NaN,NaN,NaN,NaN,NaN,NaN,3.9584,3.2255,2.9333,2.9326,2.9383,2.8906,2.8959,2.9453,2.7531,2.705,2.5489,2.5604,2.3735,2.3454,2.3005,2.2952,2.3183,2.2842,2.276,2.2936,2.3942,2.4768,2.4598,2.5006,2.4584,2.43,2.4501,2.4163,2.3154,2.194,2.1796,2.0693,2.0434,1.9589,1.929,1.8786,1.7962,1.7294,1.6525,1.5865,1.5777,1.5711,1.5734,1.564,1.6098,1.6528,1.6265,1.6591,1.6463,1.676,1.6728,1.689,1.6883,1.7255,1.7728,1.8025,1.8229,1.837,1.8669,1.8642,1.851
NaN,NaN,NaN,NaN,NaN,NaN,NaN,NaN,NaN,NaN,NaN,NaN,NaN,NaN,NaN,NaN,NaN,NaN,NaN,NaN,NaN,NaN,NaN,NaN,NaN,NaN,NaN,NaN,NaN,NaN,NaN,3.3986,3.1651,3.0618,3.0544,3.0717,2.9482,2.8946,3.0037,2.8662,2.7777,2.6242,2.5286,2.4177,2.4344,2.4311,2.3513,2.3486,2.3053,2.305,2.3168,2.3983,2.4845,2.4157,2.462,2.4283,2.4069,2.4647,2.4398,2.3593,2.2674,2.2318,2.1108,2.1022,1.9797,1.9817,1.8969,1.8596,1.7582,1.6626,1.6172,1.5877,1.5644,1.5582,1.5683,1.5981,1.6367,1.6375,1.6196,1.6447,1.649,1.6788,1.6785,1.6713,1.7035,1.7499,1.7987,1.829,1.8422,1.8324,1.8519,1.8795
NaN,NaN,NaN,NaN,NaN,NaN,NaN,NaN,NaN,NaN,NaN,NaN,NaN,NaN,NaN,NaN,NaN,NaN,NaN,NaN,NaN,NaN,NaN,NaN,NaN,NaN,NaN,NaN,NaN,NaN,NaN,3.9904,3.3431,3.0251,3.3023,3.0259,3.0661,2.9767,3.0125,2.9201,2.869,2.7468,2.52,2.599,2.4427,2.3917,2.4195,2.3491,2.3811,2.378,2.3276,2.3656,2.4251,2.4082,2.4999,2.4319,2.4326,2.402,2.4487,2.3941,2.3036,2.2597,2.1956,2.0999,2.0299,1.9793,1.9215,1.8883,1.7521,1.7022,1.6272,1.5598,1.5317,1.5351,1.5629,1.6142,1.638,1.6191,1.6169,1.6274,1.6489,1.6487,1.6831,1.6612,1.7283,1.7484,1.8018,1.8273,1.8461,1.8236,1.8612,1.8764
NaN,NaN,NaN,NaN,NaN,NaN,NaN,NaN,NaN,NaN,NaN,NaN,NaN,NaN,NaN,NaN,NaN,NaN,NaN,NaN,NaN,NaN,NaN,NaN,NaN,NaN,NaN,NaN,NaN,NaN,NaN,3.9832,3.5352,3.4889,3.2063,3.2608,3.1172,3.0272,3.07,3.0502,2.8731,2.8308,2.6626,2.6462,2.4286,2.4254,2.431,2.3932,2.3585,2.3606,2.3301,2.3814,2.4238,2.4333,2.491,2.4349,2.4159,2.3982,2.4038,2.3995,2.3652,2.2534,2.2386,2.1573,2.0652,2.0066,1.9328,1.8736,1.7766,1.7121,1.6528,1.5842,1.5429,1.5419,1.5502,1.6089,1.6392,1.6198,1.6266,1.6363,1.6162,1.6466,1.6499,1.6858,1.7157,1.7461,1.8188,1.84,1.8405,1.8446,1.8531,1.8852
NaN,NaN,NaN,NaN,NaN,NaN,NaN,NaN,NaN,NaN,NaN,NaN,NaN,NaN,NaN,NaN,NaN,NaN,NaN,NaN,NaN,NaN,NaN,NaN,NaN,NaN,NaN,NaN,NaN,NaN,NaN,4.0574,3.6154,3.6147,3.4087,3.2949,3.1914,3.1481,3.1393,3.1593,3.0099,2.8544,2.7241,2.6458,2.5984,2.5207,2.4262,2.352,2.4619,2.4209,2.3562,2.4201,2.4209,2.4809,2.4934,2.5108,2.5099,2.4208,2.4139,2.4082,2.3669,2.2907,2.2414,2.1861,2.0846,2.0496,1.9787,1.8659,1.7863,1.7264,1.6732,1.5935,1.5612,1.5496,1.5604,1.5993,1.5819,1.6049,1.6237,1.6101,1.5998,1.609,1.6471,1.6465,1.7244,1.7724,1.801,1.8428,1.8303,1.8564,1.8815,1.8929
NaN,NaN,NaN,NaN,NaN,NaN,NaN,NaN,NaN,NaN,NaN,NaN,NaN,NaN,NaN,NaN,NaN,NaN,NaN,NaN,NaN,NaN,NaN,NaN,NaN,NaN,NaN,NaN,NaN,NaN,NaN,4.1677,3.688,3.5933,3.4255,3.3612,3.2107,3.2178,3.029,3.3942,2.935,3.0658,2.746,2.6532,2.5624,2.526,2.4352,2.4432,2.5308,2.4559,2.4516,2.4186,2.4073,2.4938,2.4792,2.5157,2.5166,2.4502,2.4201,2.443,2.4155,2.3143,2.2463,2.2118,2.1732,2.0509,1.9986,1.9052,1.8097,1.7886,1.6851,1.6267,1.5701,1.5534,1.5501,1.5784,1.5789,1.5707,1.6094,1.596,1.6085,1.6134,1.6447,1.6519,1.7116,1.7717,1.8119,1.8395,1.8283,1.8657,1.9078,1.9207
NaN,NaN,NaN,NaN,NaN,NaN,NaN,NaN,NaN,NaN,NaN,NaN,NaN,NaN,NaN,NaN,NaN,NaN,NaN,NaN,NaN,NaN,NaN,NaN,NaN,NaN,NaN,NaN,NaN,NaN,NaN,4.1708,3.5553,3.6759,3.3726,3.5058,3.2304,3.2796,3.1609,3.4041,3.3033,3.1425,2.8092,2.7304,2.7058,2.5667,2.4377,2.4864,2.5759,2.4719,2.5138,2.4615,2.4203,2.461,2.4761,2.5019,2.5431,2.4377,2.4362,2.4332,2.446,2.3504,2.2415,2.222,2.1773,2.1287,2.0209,1.9294,1.8561,1.787,1.686,1.6581,1.594,1.5513,1.5765,1.5749,1.5547,1.5674,1.5752,1.5928,1.602,1.5973,1.6186,1.6221,1.7115,1.7365,1.8048,1.8478,1.8476,1.8913,1.9203,1.9461
NaN,NaN,NaN,NaN,NaN,NaN,NaN,NaN,NaN,NaN,NaN,NaN,NaN,NaN,NaN,NaN,NaN,NaN,NaN,NaN,NaN,NaN,NaN,NaN,NaN,NaN,NaN,NaN,NaN,NaN,NaN,NaN,3.7401,3.7185,3.4292,3.5729,3.2843,3.2882,3.312,3.3545,3.4793,3.1327,2.9234,2.9005,2.8021,2.6994,2.636,2.5306,2.624,2.5738,2.5562,2.4865,2.4884,2.4683,2.4849,2.4666,2.5351,2.5139,2.4307,2.4589,2.4355,2.4115,2.3298,2.2219,2.1815,2.1396,2.0818,1.9374,1.8603,1.8117,1.7398,1.671,1.6343,1.5783,1.5806,1.5797,1.5588,1.5648,1.576,1.5799,1.5968,1.6077,1.6055,1.6261,1.7068,1.721,1.8158,1.8543,1.8731,1.8925,1.9154,1.9571
NaN,NaN,NaN,NaN,NaN,NaN,NaN,NaN,NaN,NaN,NaN,NaN,NaN,NaN,NaN,NaN,NaN,NaN,NaN,NaN,NaN,NaN,NaN,NaN,NaN,NaN,NaN,NaN,NaN,NaN,NaN,NaN,3.8732,3.6767,3.2514,3.6836,3.3007,3.2581,3.363,3.4726,3.4272,3.232,2.9524,3.0189,2.8428,2.8758,2.6936,2.682,2.6244,2.5656,2.5337,2.5021,2.4738,2.4508,2.4815,2.4614,2.5133,2.4995,2.4853,2.4673,2.4224,2.4344,2.3793,2.2476,2.2668,2.172,2.1196,1.9693,1.9056,1.8229,1.7535,1.7173,1.6469,1.6164,1.5992,1.5871,1.5846,1.5368,1.5445,1.5802,1.5717,1.6003,1.5849,1.6186,1.6666,1.7328,1.7814,1.8582,1.8878,1.8817,1.922,1.9949
NaN,NaN,NaN,NaN,NaN,NaN,NaN,NaN,NaN,NaN,NaN,NaN,NaN,NaN,NaN,NaN,NaN,NaN,NaN,NaN,NaN,NaN,NaN,NaN,NaN,NaN,NaN,NaN,NaN,NaN,NaN,NaN,4.5838,3.5542,3.5542,3.504,3.5099,3.4143,3.3604,3.6249,3.6884,3.2303,3.15,2.943,2.9799,2.9429,2.7736,2.7304,2.6845,2.5497,2.518,2.5185,2.4652,2.4828,2.4424,2.4411,2.507,2.5102,2.4849,2.4669,2.4441,2.4432,2.3802,2.3547,2.2758,2.2118,2.1501,2.0373,1.9893,1.8902,1.8075,1.7146,1.6971,1.6224,1.6063,1.6034,1.5697,1.5324,1.5414,1.5452,1.5691,1.5954,1.5807,1.6076,1.6606,1.7067,1.7729,1.8219,1.8789,1.9085,1.9276,1.9835
NaN,NaN,NaN,NaN,NaN,NaN,NaN,NaN,NaN,NaN,NaN,NaN,NaN,NaN,NaN,NaN,NaN,NaN,NaN,NaN,NaN,NaN,NaN,NaN,NaN,NaN,NaN,NaN,NaN,NaN,NaN,NaN,4.6098,3.6735,3.4361,3.6854,3.504,3.4634,3.566,3.6565,3.6645,3.4019,3.1423,3.1049,2.9615,2.9274,2.8617,2.7475,2.7072,2.5966,2.6358,2.5507,2.531,2.4806,2.423,2.4446,2.5065,2.5343,2.5402,2.5046,2.4472,2.4387,2.3848,2.3737,2.3144,2.2269,2.1669,2.092,2.001,1.9567,1.8768,1.7481,1.71,1.6481,1.6094,1.6042,1.5803,1.5358,1.5454,1.5338,1.5289,1.5864,1.5881,1.6057,1.6395,1.7021,1.7393,1.827,1.8578,1.9102,1.934,1.9859
NaN,NaN,NaN,NaN,NaN,NaN,NaN,NaN,NaN,NaN,NaN,NaN,NaN,NaN,NaN,NaN,NaN,NaN,NaN,NaN,NaN,NaN,NaN,NaN,NaN,NaN,NaN,NaN,NaN,NaN,NaN,NaN,NaN,4.1765,3.3805,3.5223,3.3198,3.5564,3.5921,3.7718,3.6133,3.4069,3.3468,3.0022,2.9832,2.9025,2.7618,2.8197,2.758,2.6583,2.6816,2.6691,2.5643,2.5062,2.4644,2.4827,2.4681,2.5388,2.5656,2.4956,2.4898,2.4606,2.4473,2.3977,2.3559,2.2756,2.1853,2.1161,2.086,1.9752,1.8967,1.7773,1.7202,1.6854,1.6517,1.6083,1.5971,1.5392,1.5679,1.5291,1.5707,1.5837,1.5667,1.5589,1.6217,1.6845,1.7328,1.7853,1.854,1.88,1.9347,1.9828
NaN,NaN,NaN,NaN,NaN,NaN,NaN,NaN,NaN,NaN,NaN,NaN,NaN,NaN,NaN,NaN,NaN,NaN,NaN,NaN,NaN,NaN,NaN,NaN,NaN,NaN,NaN,NaN,NaN,NaN,NaN,NaN,NaN,4.1933,3.1279,3.3174,3.3384,3.5729,3.5911,3.8097,3.513,3.4302,3.2765,3.1058,2.988,2.8728,2.8663,2.7862,2.8562,2.8358,2.7017,2.774,2.5742,2.5807,2.5313,2.461,2.4798,2.5106,2.5748,2.5597,2.4938,2.3823,2.4503,2.4554,2.3825,2.3618,2.2753,2.1704,2.0831,2.0666,1.9792,1.7945,1.7718,1.7175,1.6899,1.6324,1.6075,1.5612,1.5756,1.5442,1.5658,1.5776,1.5517,1.5792,1.6235,1.6667,1.7108,1.7925,1.8308,1.8745,1.9334,1.9937
NaN,NaN,NaN,NaN,NaN,NaN,NaN,NaN,NaN,NaN,NaN,NaN,NaN,NaN,NaN,NaN,NaN,NaN,NaN,NaN,NaN,NaN,NaN,NaN,NaN,NaN,NaN,NaN,NaN,NaN,NaN,NaN,NaN,4.1204,3.746,3.4175,3.4408,3.4665,3.5534,3.7772,3.5755,3.5404,3.4104,3.1709,2.9661,2.9531,2.9461,2.8834,3.0203,2.9411,2.776,2.7473,2.6885,2.6238,2.6217,2.5001,2.5058,2.5388,2.5543,2.5435,2.5241,2.3867,2.4475,2.4465,2.4462,2.3849,2.319,2.2206,2.1687,2.0892,1.9891,1.8905,1.7923,1.7387,1.7079,1.6825,1.6122,1.5903,1.571,1.5806,1.5444,1.5699,1.5611,1.5699,1.6224,1.6561,1.7247,1.777,1.8064,1.8793,1.9402,1.9936
NaN,NaN,NaN,NaN,NaN,NaN,NaN,NaN,NaN,NaN,NaN,NaN,NaN,NaN,NaN,NaN,NaN,NaN,NaN,NaN,NaN,NaN,NaN,NaN,NaN,NaN,NaN,NaN,NaN,NaN,NaN,NaN,NaN,4.3917,3.7883,2.9914,3.4568,3.454,3.6229,3.701,3.5898,3.656,3.433,3.16,3.1152,3.0958,3.0583,2.9182,3.0305,2.8958,2.8053,2.8668,2.7149,2.6298,2.623,2.5616,2.5445,2.5294,2.5645,2.5676,2.5632,2.4295,2.4357,2.4996,2.4471,2.4344,2.3154,2.2269,2.2211,2.1603,2.0803,2.0299,1.8897,1.7543,1.7283,1.6829,1.644,1.5775,1.5828,1.5754,1.5759,1.5578,1.5624,1.5857,1.61,1.6535,1.7118,1.7734,1.8023,1.8731,1.9507,1.9954
NaN,NaN,NaN,NaN,NaN,NaN,NaN,NaN,NaN,NaN,NaN,NaN,NaN,NaN,NaN,NaN,NaN,NaN,NaN,NaN,NaN,NaN,NaN,NaN,NaN,NaN,NaN,NaN,NaN,NaN,NaN,NaN,NaN,4.4474,3.9751,3.2829,3.1864,3.5653,3.4951,3.6545,3.6712,3.763,3.6078,3.2554,3.1587,3.0732,3.0732,2.9719,3.1739,2.9724,2.868,2.8862,2.8155,2.6491,2.6241,2.5505,2.5585,2.5364,2.5881,2.5872,2.555,2.5218,2.4882,2.5164,2.4904,2.4565,2.412,2.2972,2.2188,2.2296,2.1801,2.0689,1.989,1.8568,1.746,1.7213,1.6539,1.6379,1.6034,1.5927,1.5901,1.5833,1.5721,1.5958,1.6363,1.6458,1.6817,1.7711,1.8057,1.8751,1.9363,1.9871
NaN,NaN,NaN,NaN,NaN,NaN,NaN,NaN,NaN,NaN,NaN,NaN,NaN,NaN,NaN,NaN,NaN,NaN,NaN,NaN,NaN,NaN,NaN,NaN,NaN,NaN,NaN,NaN,NaN,NaN,NaN,NaN,NaN,NaN,4.1858,3.5703,3.2298,3.4266,3.4824,3.6491,3.5713,3.7073,3.5495,3.3016,3.1287,3.2219,3.0721,3.0715,3.2179,2.9696,3.0669,2.858,2.7946,2.8397,2.7346,2.6666,2.6499,2.5797,2.5856,2.5822,2.6254,2.545,2.5206,2.5194,2.5087,2.5217,2.5195,2.2895,2.2511,2.2349,2.2138,2.1659,2.0231,1.9456,1.7912,1.7689,1.7162,1.6635,1.641,1.6137,1.6216,1.5998,1.5626,1.6073,1.6534,1.6491,1.6715,1.7143,1.8072,1.8528,1.9133,1.9658
NaN,NaN,NaN,NaN,NaN,NaN,NaN,NaN,NaN,NaN,NaN,NaN,NaN,NaN,NaN,NaN,NaN,NaN,NaN,NaN,NaN,NaN,NaN,NaN,NaN,NaN,NaN,NaN,NaN,NaN,NaN,NaN,NaN,NaN,3.7067,3.4446,3.1257,3.3435,3.6098,3.8209,3.8911,3.7919,3.3384,3.2507,3.1579,3.3231,3.2091,3.3006,3.2093,3.0284,3.0978,2.8995,2.8206,2.7689,2.7439,2.7899,2.7317,2.6066,2.6171,2.5857,2.6182,2.6015,2.5125,2.5007,2.5178,2.5142,2.5224,2.3411,2.2677,2.3245,2.3043,2.1998,2.1076,1.9816,1.8957,1.7819,1.7748,1.701,1.6774,1.657,1.6214,1.5891,1.5738,1.6163,1.6478,1.6764,1.7079,1.721,1.7861,1.8477,1.8967,1.9481
NaN,NaN,NaN,NaN,NaN,NaN,NaN,NaN,NaN,NaN,NaN,NaN,NaN,NaN,NaN,NaN,NaN,NaN,NaN,NaN,NaN,NaN,NaN,NaN,NaN,NaN,NaN,NaN,NaN,NaN,NaN,NaN,NaN,NaN,NaN,3.32,3.3036,3.3961,3.5505,3.7823,3.6633,3.7505,3.39,3.154,3.1975,3.2879,3.1453,3.254,3.4121,3.0399,2.9077,2.9095,2.9323,2.793,2.8006,2.7428,2.7298,2.6873,2.6597,2.6421,2.6075,2.5871,2.5831,2.5106,2.5071,2.5123,2.5477,2.4197,2.3096,2.3522,2.3748,2.3302,2.1545,2.0572,1.9267,1.8885,1.7909,1.751,1.6884,1.6844,1.6279,1.6011,1.6178,1.6287,1.6681,1.6739,1.7028,1.7184,1.7723,1.822,1.8865,1.928
NaN,NaN,NaN,NaN,NaN,NaN,NaN,NaN,NaN,NaN,NaN,NaN,NaN,NaN,NaN,NaN,NaN,NaN,NaN,NaN,NaN,NaN,NaN,NaN,NaN,NaN,NaN,NaN,NaN,NaN,NaN,NaN,NaN,NaN,NaN,4.1242,3.0776,3.2661,3.4283,3.6261,3.5401,3.5848,3.3492,3.223,3.2957,3.1316,3.1871,3.4827,3.1084,2.9788,3.0012,2.9276,2.9851,2.9907,2.9739,2.8491,2.7354,2.7352,2.7258,2.7122,2.6691,2.6704,2.6063,2.584,2.5181,2.565,2.6235,2.5488,2.4353,2.3874,2.3785,2.3942,2.3505,2.1781,2.1087,1.9426,1.8397,1.8052,1.7387,1.6916,1.6363,1.6108,1.6161,1.6677,1.6598,1.6823,1.7043,1.7342,1.7943,1.8317,1.8977,1.9468
NaN,NaN,NaN,NaN,NaN,NaN,NaN,NaN,NaN,NaN,NaN,NaN,NaN,NaN,NaN,NaN,NaN,NaN,NaN,NaN,NaN,NaN,NaN,NaN,NaN,NaN,NaN,NaN,NaN,NaN,NaN,NaN,NaN,NaN,NaN,3.8901,3.517,3.142,3.3531,3.5569,3.4521,3.5226,3.3253,3.1684,3.2783,3.0294,3.4116,3.4595,3.4964,2.9825,3.1057,3.0084,2.9811,3.0617,2.9649,2.8972,2.8064,2.8068,2.8168,2.7423,2.7117,2.7051,2.6648,2.6059,2.5776,2.5596,2.6367,2.6129,2.5284,2.4067,2.3932,2.4205,2.3547,2.2961,2.1275,2.0564,1.9026,1.868,1.795,1.7214,1.6567,1.6285,1.6477,1.6624,1.6847,1.6907,1.7169,1.7334,1.8007,1.8633,1.906,1.9608
NaN,NaN,NaN,NaN,NaN,NaN,NaN,NaN,NaN,NaN,NaN,NaN,NaN,NaN,NaN,NaN,NaN,NaN,NaN,NaN,NaN,NaN,NaN,NaN,NaN,NaN,NaN,NaN,NaN,NaN,NaN,NaN,NaN,NaN,NaN,4.1483,3.6568,3.1934,3.3216,3.4016,3.4849,3.5303,3.2846,3.1005,3.0618,3.0943,3.3289,3.2716,3.4475,3.0323,3.0375,3.1039,3.0269,2.9632,3.0092,2.9919,2.8853,2.8217,2.8237,2.8145,2.793,2.7428,2.6622,2.6941,2.6181,2.6127,2.6239,2.6237,2.5796,2.4832,2.4533,2.4137,2.3697,2.2909,2.1906,2.0632,1.993,1.8953,1.8508,1.8073,1.732,1.6678,1.6619,1.6921,1.6896,1.6808,1.7243,1.7689,1.8009,1.8448,1.9014,1.9716
NaN,NaN,NaN,NaN,NaN,NaN,NaN,NaN,NaN,NaN,NaN,NaN,NaN,NaN,NaN,NaN,NaN,NaN,NaN,NaN,NaN,NaN,NaN,NaN,NaN,NaN,NaN,NaN,NaN,NaN,NaN,NaN,NaN,NaN,NaN,4.1692,3.4225,3.243,3.3472,3.3836,3.5456,3.385,3.2231,2.9648,3.0383,3.2029,3.458,3.3917,NaN,NaN,3.3886,3.2295,3.2279,3.0368,3.1667,3.0147,2.9382,2.8799,2.823,2.9211,2.8142,2.8117,2.7975,2.7013,2.7165,2.6381,2.6463,2.6226,2.5959,2.621,2.5081,2.4322,2.3367,2.3006,2.2085,2.1671,2.0174,1.9654,1.8604,1.8353,1.7445,1.7094,1.6747,1.6799,1.6614,1.6958,1.7578,1.7887,1.8381,1.8788,1.9066,1.9672
NaN,NaN,NaN,NaN,NaN,NaN,NaN,NaN,NaN,NaN,NaN,NaN,NaN,NaN,NaN,NaN,NaN,NaN,NaN,NaN,NaN,NaN,NaN,NaN,NaN,NaN,NaN,NaN,NaN,NaN,NaN,NaN,NaN,NaN,NaN,NaN,3.487,3.1655,3.3385,3.3417,3.4344,3.4236,3.2918,3.2208,3.3178,3.2996,3.3709,NaN,NaN,NaN,3.1888,3.2819,3.1529,3.2167,3.1447,3.1577,3.0861,2.9081,2.9529,2.9167,2.8865,2.84,2.8426,2.822,2.8691,2.7618,2.6657,2.6407,2.6411,2.6437,2.5346,2.4783,2.3461,2.3089,2.271,2.1761,2.0816,1.9888,1.9575,1.8766,1.822,1.7539,1.7633,1.6971,1.7196,1.7329,1.7503,1.8128,1.8458,1.892,1.9057,1.9655
NaN,NaN,NaN,NaN,NaN,NaN,NaN,NaN,NaN,NaN,NaN,NaN,NaN,NaN,NaN,NaN,NaN,NaN,NaN,NaN,NaN,NaN,NaN,NaN,NaN,NaN,NaN,NaN,NaN,NaN,NaN,NaN,NaN,NaN,NaN,NaN,3.7865,3.1441,3.1642,3.3605,3.3706,3.3537,3.2967,3.4894,2.9141,3.7369,3.8849,NaN,NaN,NaN,4.2521,3.6342,3.1642,3.1767,3.1815,3.2478,3.2726,3.0418,3.0215,3.0714,2.9118,2.9681,2.8767,2.9698,2.9017,2.8459,2.7252,2.659,2.6487,2.6351,2.6201,2.5041,2.378,2.3148,2.3001,2.1965,2.1455,2.0539,1.9912,1.9577,1.8631,1.8522,1.7827,1.7553,1.7253,1.7309,1.7976,1.806,1.8604,1.8841,1.9417,1.9792
NaN,NaN,NaN,NaN,NaN,NaN,NaN,NaN,NaN,NaN,NaN,NaN,NaN,NaN,NaN,NaN,NaN,NaN,NaN,NaN,NaN,NaN,NaN,NaN,NaN,NaN,NaN,NaN,NaN,NaN,NaN,NaN,NaN,NaN,NaN,NaN,3.8928,3.2868,3.3967,3.2528,3.3197,3.0921,3.2725,3.4088,2.8465,3.5004,NaN,NaN,NaN,NaN,NaN,3.5684,3.4346,3.3049,3.3294,3.2819,3.3275,3.2095,3.184,3.2185,3.0343,2.9961,3.0616,3.0169,2.9548,2.8374,2.8427,2.7325,2.6956,2.6442,2.6404,2.5525,2.4084,2.3642,2.3178,2.2772,2.1683,2.0956,2.0596,1.997,1.9301,1.897,1.8652,1.7869,1.7991,1.7538,1.8307,1.8304,1.8737,1.9108,1.9549,2.0174
NaN,NaN,NaN,NaN,NaN,NaN,NaN,NaN,NaN,NaN,NaN,NaN,NaN,NaN,NaN,NaN,NaN,NaN,NaN,NaN,NaN,NaN,NaN,NaN,NaN,NaN,NaN,NaN,NaN,NaN,NaN,NaN,NaN,NaN,NaN,NaN,3.6199,3.8774,3.3723,3.2969,3.1119,3.168,3.3981,3.4494,2.8936,NaN,NaN,NaN,NaN,NaN,NaN,3.4504,3.3622,3.5414,3.2903,3.4419,3.3479,3.2886,3.2625,3.2375,3.225,3.1892,3.193,3.1493,3.0118,2.9304,2.8571,2.7236,2.6807,2.6491,2.6691,2.5893,2.4494,2.3889,2.3613,2.3053,2.2534,2.1117,2.1071,2.015,1.9882,1.9271,1.8856,1.8271,1.8127,1.8234,1.8478,1.8663,1.8896,1.9264,1.9624,2.0196
NaN,NaN,NaN,NaN,NaN,NaN,NaN,NaN,NaN,NaN,NaN,NaN,NaN,NaN,NaN,NaN,NaN,NaN,NaN,NaN,NaN,NaN,NaN,NaN,NaN,NaN,NaN,NaN,NaN,NaN,NaN,NaN,NaN,NaN,NaN,NaN,NaN,3.9417,3.1255,3.246,3.3233,3.2891,3.4208,3.6461,3.5702,NaN,NaN,NaN,NaN,NaN,NaN,NaN,3.5276,3.4724,3.4185,3.448,3.3918,3.3295,3.2174,3.2381,3.2731,3.2969,3.2309,3.165,3.106,2.9869,2.9698,2.7882,2.6728,2.6648,2.6763,2.6123,2.5235,2.4274,2.4141,2.3375,2.2428,2.1878,2.131,2.0909,2.0016,1.9612,1.8906,1.8784,1.8599,1.8321,1.8533,1.8727,1.8917,1.9241,1.9747,2.0347
NaN,NaN,NaN,NaN,NaN,NaN,NaN,NaN,NaN,NaN,NaN,NaN,NaN,NaN,NaN,NaN,NaN,NaN,NaN,NaN,NaN,NaN,NaN,NaN,NaN,NaN,NaN,NaN,NaN,NaN,NaN,NaN,NaN,NaN,NaN,NaN,NaN,3.6128,3.1916,3.2553,3.3226,3.1288,3.2796,NaN,3.7541,NaN,NaN,NaN,NaN,NaN,NaN,NaN,3.4918,3.4289,3.2542,3.3831,3.358,3.3255,3.3064,3.249,3.2822,3.31,3.2893,3.1982,3.2015,3.1452,3.1049,2.8411,2.7375,2.6673,2.6765,2.6598,2.5207,2.457,2.4371,2.3518,2.3007,2.1989,2.1584,2.1106,2.069,1.9788,1.9479,1.9105,1.9102,1.8812,1.8975,1.8763,1.8971,1.9631,1.99,2.054
NaN,NaN,NaN,NaN,NaN,NaN,NaN,NaN,NaN,NaN,NaN,NaN,NaN,NaN,NaN,NaN,NaN,NaN,NaN,NaN,NaN,NaN,NaN,NaN,NaN,NaN,NaN,NaN,NaN,NaN,NaN,NaN,NaN,NaN,NaN,NaN,NaN,3.7237,3.3238,3.2861,3.684,3.0556,NaN,NaN,NaN,NaN,NaN,NaN,NaN,NaN,NaN,NaN,3.4293,3.4409,3.146,3.4997,3.4499,3.3825,3.2714,3.194,3.3032,3.2633,3.3229,3.2855,3.2522,3.2993,3.1314,2.8654,2.8119,2.7639,2.6912,2.6568,2.6209,2.4699,2.499,2.3618,2.3485,2.2637,2.1754,2.1597,2.0615,2.0584,1.9536,1.9732,1.9354,1.9274,1.9056,2.0077,1.9382,1.9696,2.0096,2.0641
NaN,NaN,NaN,NaN,NaN,NaN,NaN,NaN,NaN,NaN,NaN,NaN,NaN,NaN,NaN,NaN,NaN,NaN,NaN,NaN,NaN,NaN,NaN,NaN,NaN,NaN,NaN,NaN,NaN,NaN,NaN,NaN,NaN,NaN,NaN,NaN,NaN,3.4648,3.2546,3.5793,3.2112,3.1514,NaN,NaN,NaN,NaN,NaN,NaN,NaN,NaN,NaN,NaN,NaN,3.3822,3.3027,3.4613,3.5414,3.426,3.2368,3.2333,3.2542,3.2884,3.2642,3.3143,3.3833,3.2635,3.2534,2.9996,2.8504,2.8272,2.7377,2.6884,2.6265,2.5621,2.5093,2.4343,2.3602,2.313,2.1994,2.2011,2.1286,2.1031,2.0389,1.9903,2.031,1.9418,1.9294,2.0078,1.9685,1.9902,2.0471,2.0844
NaN,NaN,NaN,NaN,NaN,NaN,NaN,NaN,NaN,NaN,NaN,NaN,NaN,NaN,NaN,NaN,NaN,NaN,NaN,NaN,NaN,NaN,NaN,NaN,NaN,NaN,NaN,NaN,NaN,NaN,NaN,NaN,NaN,NaN,NaN,NaN,NaN,3.6664,3.349,3.4126,3.4048,NaN,NaN,NaN,NaN,NaN,NaN,NaN,NaN,NaN,NaN,NaN,NaN,3.8611,3.3753,3.5635,3.4444,3.3991,3.2577,3.2079,3.1962,3.266,3.317,3.335,3.3472,3.2774,3.2949,3.0232,2.9786,2.8468,2.7617,2.6959,2.6583,2.6007,2.6064,2.4691,2.3965,2.3406,2.2721,2.2189,2.1874,2.1142,2.0992,2.0266,2.0333,1.9892,1.952,2.0336,1.9814,2.0086,2.0383,2.1064
NaN,NaN,NaN,NaN,NaN,NaN,NaN,NaN,NaN,NaN,NaN,NaN,NaN,NaN,NaN,NaN,NaN,NaN,NaN,NaN,NaN,NaN,NaN,NaN,NaN,NaN,NaN,NaN,NaN,NaN,NaN,NaN,NaN,NaN,NaN,NaN,4.3073,3.6944,3.2423,3.4295,3.7953,NaN,NaN,NaN,NaN,NaN,NaN,NaN,NaN,NaN,NaN,NaN,NaN,4.0618,3.62,3.2681,3.3406,3.3918,3.2439,3.2747,3.1999,3.2927,3.3596,3.4506,3.4313,3.4392,3.3133,3.1375,2.9954,2.9053,2.8258,2.7579,2.7232,2.6113,2.6049,2.5463,2.5215,2.3825,2.2819,2.232,2.2013,2.1585,2.1156,2.0811,2.0424,2.032,1.9995,2.0552,2.013,2.0143,2.1117,2.1146
NaN,NaN,NaN,NaN,NaN,NaN,NaN,NaN,NaN,NaN,NaN,NaN,NaN,NaN,NaN,NaN,NaN,NaN,NaN,NaN,NaN,NaN,NaN,NaN,NaN,NaN,NaN,NaN,NaN,NaN,NaN,NaN,NaN,NaN,NaN,NaN,4.5261,3.6,3.3258,3.314,3.9888,NaN,NaN,NaN,NaN,NaN,NaN,NaN,NaN,NaN,NaN,NaN,NaN,4.1135,3.3862,3.2624,3.3759,3.4414,3.3965,3.2704,3.3169,3.3478,3.459,3.5171,3.5394,3.4589,3.575,3.2867,3.1311,2.9386,2.8494,2.8015,2.739,2.6791,2.6228,2.5749,2.5237,2.4314,2.3228,2.2376,2.2596,2.1728,2.1491,2.0851,2.1165,2.0423,2.0138,2.0291,2.0247,2.0448,2.0973,2.1372
NaN,NaN,NaN,NaN,NaN,NaN,NaN,NaN,NaN,NaN,NaN,NaN,NaN,NaN,NaN,NaN,NaN,NaN,NaN,NaN,NaN,NaN,NaN,NaN,NaN,NaN,NaN,NaN,NaN,NaN,NaN,NaN,NaN,NaN,NaN,4.2447,3.7184,3.5104,3.3413,3.2778,3.6569,NaN,NaN,NaN,NaN,NaN,NaN,NaN,NaN,NaN,NaN,NaN,NaN,NaN,3.4476,3.2148,3.3883,3.4574,3.3651,3.3245,3.3399,3.38,3.4761,3.5681,3.5675,3.7087,3.6214,3.3486,3.2978,3.0599,2.8997,2.8177,2.8276,2.7101,2.6341,2.576,2.5586,2.4514,2.3819,2.3151,2.316,2.2744,2.1589,2.1359,2.1108,2.1208,2.0518,2.0783,2.0577,2.0911,2.1031,2.1239
NaN,NaN,NaN,NaN,NaN,NaN,NaN,NaN,NaN,NaN,NaN,NaN,NaN,NaN,NaN,NaN,NaN,NaN,NaN,NaN,NaN,NaN,NaN,NaN,NaN,NaN,NaN,NaN,NaN,NaN,NaN,NaN,NaN,NaN,NaN,4.1747,4.014,3.8033,3.0683,3.161,4.3185,NaN,NaN,NaN,NaN,NaN,NaN,NaN,NaN,NaN,NaN,NaN,NaN,NaN,3.7131,3.1989,3.4117,3.3874,3.3805,3.304,3.3264,3.4359,3.5651,3.6444,3.7332,3.7649,3.9081,3.5809,3.3836,3.1373,3,2.8795,2.8872,2.7314,2.6419,2.6369,2.5626,2.4885,2.3997,2.3634,2.3331,2.3032,2.2161,2.1749,2.1607,2.1275,2.0529,2.0671,2.0318,2.1038,2.0717,2.1332
NaN,NaN,NaN,NaN,NaN,NaN,NaN,NaN,NaN,NaN,NaN,NaN,NaN,NaN,NaN,NaN,NaN,NaN,NaN,NaN,NaN,NaN,NaN,NaN,NaN,NaN,NaN,NaN,NaN,NaN,NaN,NaN,NaN,NaN,NaN,4.9219,4.4254,3.1061,3.0299,3.4478,4.1456,NaN,NaN,NaN,NaN,NaN,NaN,NaN,NaN,NaN,NaN,NaN,NaN,NaN,4.0304,3.5294,3.3374,3.2565,3.3834,3.3016,3.3636,3.4285,3.5402,3.7016,3.9349,4.1216,3.9859,3.6198,3.5796,3.1806,3.0402,2.9782,2.9079,2.8581,2.7248,2.6507,2.6292,2.4918,2.4461,2.3698,2.391,2.3054,2.2278,2.1786,2.2046,2.1627,2.0656,2.0684,2.0514,2.0795,2.0772,2.1401
NaN,NaN,NaN,NaN,NaN,NaN,NaN,NaN,NaN,NaN,NaN,NaN,NaN,NaN,NaN,NaN,NaN,NaN,NaN,NaN,NaN,NaN,NaN,NaN,NaN,NaN,NaN,NaN,NaN,NaN,NaN,NaN,NaN,NaN,NaN,4.4092,4.3261,3.6489,3.9575,3.7074,NaN,NaN,NaN,NaN,NaN,NaN,NaN,NaN,NaN,NaN,NaN,NaN,NaN,4.2983,3.9791,3.5319,3.2527,3.2498,3.2299,3.321,3.3737,3.4839,3.5233,3.8026,3.9909,3.9377,4.0953,3.9341,3.619,3.3822,3.1491,2.9823,2.9614,2.8726,2.7941,2.6626,2.6604,2.5919,2.468,2.444,2.415,2.383,2.2532,2.2546,2.2094,2.2021,2.0956,2.0996,2.0937,2.0754,2.1021,2.1262
NaN,NaN,NaN,NaN,NaN,NaN,NaN,NaN,NaN,NaN,NaN,NaN,NaN,NaN,NaN,NaN,NaN,NaN,NaN,NaN,NaN,NaN,NaN,NaN,NaN,NaN,NaN,NaN,NaN,NaN,NaN,NaN,NaN,NaN,4.3026,4.3191,3.784,3.7076,3.6412,3.4883,3.6319,NaN,NaN,NaN,NaN,NaN,NaN,NaN,NaN,NaN,NaN,NaN,NaN,4.7882,3.4952,3.7851,3.2797,3.1855,3.2884,3.3958,3.3702,3.3861,3.4912,3.8864,4.0101,4.0009,4.0912,4.1699,3.9359,3.481,3.2656,3.1522,3.0472,2.8806,2.8271,2.7466,2.7405,2.7367,2.7017,2.5595,2.5128,2.4637,2.4494,2.3327,2.2804,2.2573,2.1503,2.1821,2.1628,2.1687,2.161,2.2246
NaN,NaN,NaN,NaN,NaN,NaN,NaN,NaN,NaN,NaN,NaN,NaN,NaN,NaN,NaN,NaN,NaN,NaN,NaN,NaN,NaN,NaN,NaN,NaN,NaN,NaN,NaN,NaN,NaN,NaN,NaN,NaN,NaN,NaN,4.4869,3.6339,3.5255,3.4734,3.6591,3.4179,3.4728,NaN,NaN,NaN,NaN,NaN,NaN,NaN,NaN,NaN,NaN,NaN,NaN,3.3936,3.4059,3.1555,3.2312,3.185,3.2932,3.3306,3.3419,3.5079,3.5134,3.9941,4.1198,4.4147,4.6403,4.3574,4.0376,3.7723,3.466,3.2046,3.124,2.9599,2.8975,2.8378,2.7722,2.7596,2.7471,2.619,2.4997,2.5215,2.4596,2.4128,2.3068,2.2704,2.2404,2.1791,2.1931,2.1869,2.1985,2.2129
NaN,NaN,NaN,NaN,NaN,NaN,NaN,NaN,NaN,NaN,NaN,NaN,NaN,NaN,NaN,NaN,NaN,NaN,NaN,NaN,NaN,NaN,NaN,NaN,NaN,NaN,NaN,NaN,NaN,NaN,NaN,NaN,NaN,NaN,4.602,4.0028,3.9562,3.3951,3.2913,3.2039,3.8007,NaN,NaN,NaN,NaN,NaN,NaN,NaN,NaN,NaN,NaN,NaN,NaN,3.3293,3.1811,3.1906,3.2446,2.9976,3.1015,3.245,3.2413,3.5042,3.6394,3.945,4.2786,4.4537,5.0571,4.5367,4.3754,3.7915,3.517,3.3473,3.1699,3.0758,2.8811,2.9422,2.8559,2.8592,2.7438,2.6567,2.5837,2.515,2.5381,2.436,2.3822,2.2916,2.2521,2.2481,2.1789,2.2492,2.2126,2.1833
NaN,NaN,NaN,NaN,NaN,NaN,NaN,NaN,NaN,NaN,NaN,NaN,NaN,NaN,NaN,NaN,NaN,NaN,NaN,NaN,NaN,NaN,NaN,NaN,NaN,NaN,NaN,NaN,NaN,NaN,NaN,NaN,NaN,NaN,4.5302,3.9565,4.0301,3.6033,3.3018,3.1511,3.3535,NaN,NaN,NaN,NaN,NaN,NaN,NaN,NaN,NaN,NaN,NaN,NaN,NaN,3.1459,3.1467,2.9934,2.9503,3.262,3.0272,3.2357,3.5129,3.626,3.9249,4.211,4.6102,5.0662,4.6176,4.4756,4.0453,3.7658,3.4206,3.2834,3.1422,3.0724,2.9115,2.897,2.881,2.8471,2.7277,2.614,2.6342,2.5371,2.4727,2.3858,2.3513,2.2716,2.2757,2.255,2.2669,2.236,2.1986
NaN,NaN,NaN,NaN,NaN,NaN,NaN,NaN,NaN,NaN,NaN,NaN,NaN,NaN,NaN,NaN,NaN,NaN,NaN,NaN,NaN,NaN,NaN,NaN,NaN,NaN,NaN,NaN,NaN,NaN,NaN,NaN,NaN,3.8773,4.1047,3.9155,3.7098,3.6379,3.1256,3.2581,3.0693,2.8944,NaN,NaN,NaN,NaN,NaN,NaN,NaN,NaN,NaN,NaN,NaN,NaN,3.2488,3.0544,2.8701,2.9733,3.1294,2.8974,3.2753,3.3287,3.6854,4.0823,4.2192,4.6568,5.3167,4.746,4.4808,4.3134,4.0845,3.6262,3.4535,3.2867,3.1032,3.026,2.9175,2.9257,2.8628,2.85,2.7291,2.6674,2.6417,2.5074,2.427,2.3674,2.3068,2.2953,2.3114,2.2946,2.2717,2.1896
NaN,NaN,NaN,NaN,NaN,NaN,NaN,NaN,NaN,NaN,NaN,NaN,NaN,NaN,NaN,NaN,NaN,NaN,NaN,NaN,NaN,NaN,NaN,NaN,NaN,NaN,NaN,NaN,NaN,NaN,NaN,NaN,NaN,3.9549,3.5564,4.0868,3.2038,3.5772,2.9647,3.0874,2.8361,NaN,NaN,NaN,NaN,NaN,NaN,NaN,NaN,NaN,NaN,NaN,NaN,NaN,2.963,2.6695,2.4876,3.2022,3.0695,2.8986,3.252,3.2726,3.4968,4.04,NaN,4.5269,5.2226,4.7272,4.7551,4.3007,4.0686,3.7973,3.4819,3.3865,3.2602,3.0558,3.0618,2.9737,2.96,2.8686,2.8227,2.6866,2.7123,2.5969,2.5118,2.4389,2.3181,2.3373,2.3228,2.3356,2.2736,2.2664
NaN,NaN,NaN,NaN,NaN,NaN,NaN,NaN,NaN,NaN,NaN,NaN,NaN,NaN,NaN,NaN,NaN,NaN,NaN,NaN,NaN,NaN,NaN,NaN,NaN,NaN,NaN,NaN,NaN,NaN,NaN,NaN,NaN,4.5133,3.6427,3.8785,3.194,3.2776,3.0573,3.2703,3.198,NaN,NaN,NaN,NaN,NaN,NaN,NaN,NaN,NaN,NaN,NaN,NaN,NaN,3.4855,2.63,2.462,2.869,2.6364,2.9322,3.2039,3.2356,3.6142,NaN,NaN,NaN,4.6154,4.8408,4.7153,4.5031,4.173,3.8553,3.5465,3.4647,3.4085,3.1736,3.1628,3.0581,2.9725,2.9602,2.8246,2.7532,2.7447,2.6576,2.5198,2.497,2.4145,2.3645,2.3596,2.3234,2.302,2.2662
NaN,NaN,NaN,NaN,NaN,NaN,NaN,NaN,NaN,NaN,NaN,NaN,NaN,NaN,NaN,NaN,NaN,NaN,NaN,NaN,NaN,NaN,NaN,NaN,NaN,NaN,NaN,NaN,NaN,NaN,NaN,NaN,NaN,3.5484,3.857,3.7755,3.4227,3.2381,3.2218,3.3746,NaN,NaN,NaN,NaN,NaN,NaN,NaN,NaN,NaN,NaN,NaN,NaN,NaN,NaN,3.1777,2.7075,2.5162,NaN,2.5269,2.7862,3.1802,3.0395,NaN,NaN,NaN,NaN,NaN,4.4369,4.5817,4.5639,4.1429,3.9776,3.5986,3.6206,3.4235,3.2489,3.1833,3.1569,3.0549,3.066,2.9088,2.7896,2.7948,2.666,2.5913,2.5116,2.5118,2.4181,2.3574,2.3393,2.2963,2.3246
NaN,NaN,NaN,NaN,NaN,NaN,NaN,NaN,NaN,NaN,NaN,NaN,NaN,NaN,NaN,NaN,NaN,NaN,NaN,NaN,NaN,NaN,NaN,NaN,NaN,NaN,NaN,NaN,NaN,NaN,NaN,NaN,3.5812,4.1899,3.3304,3.3145,3.3678,3.4921,3.3757,NaN,NaN,NaN,NaN,NaN,NaN,NaN,NaN,NaN,NaN,NaN,NaN,NaN,NaN,NaN,2.8158,2.7785,2.9251,3.0771,2.5362,2.6633,3.1113,NaN,NaN,NaN,NaN,NaN,NaN,4.5818,4.7408,4.5757,4.3842,4.1791,3.8177,3.6229,3.4523,3.3339,3.2585,3.1503,3.2227,3.0955,3.0498,2.8936,2.8305,2.7287,2.6308,2.6056,2.5513,2.5021,2.4043,2.3518,2.3254,2.343
NaN,NaN,NaN,NaN,NaN,NaN,NaN,NaN,NaN,NaN,NaN,NaN,NaN,NaN,NaN,NaN,NaN,NaN,NaN,NaN,NaN,NaN,NaN,NaN,NaN,NaN,NaN,NaN,NaN,NaN,NaN,NaN,3.7638,3.9591,3.3037,3.4029,3.6468,3.6637,3.153,NaN,NaN,NaN,NaN,NaN,NaN,NaN,NaN,NaN,NaN,NaN,NaN,NaN,NaN,NaN,2.6854,2.946,3.1103,2.9752,2.8001,2.7312,3.1108,NaN,NaN,NaN,NaN,NaN,NaN,4.532,4.7964,4.4719,4.1983,4.0986,3.9771,3.7117,3.5052,3.5121,3.2747,3.3181,3.2602,3.224,3.0606,2.9682,2.8746,2.7994,2.7259,2.6132,2.5795,2.5103,2.4463,2.3594,2.3946,2.3971
NaN,NaN,NaN,NaN,NaN,NaN,NaN,NaN,NaN,NaN,NaN,NaN,NaN,NaN,NaN,NaN,NaN,NaN,NaN,NaN,NaN,NaN,NaN,NaN,NaN,NaN,NaN,NaN,NaN,NaN,NaN,4.1162,3.7943,3.763,3.8181,3.3706,3.2716,3.4856,NaN,NaN,NaN,NaN,NaN,NaN,NaN,NaN,NaN,NaN,NaN,NaN,NaN,NaN,NaN,NaN,2.7975,2.8744,2.9,3.1802,2.8328,2.8328,2.977,NaN,NaN,NaN,NaN,NaN,NaN,4.2611,4.9839,4.4916,4.166,4.4565,4.0065,3.7592,3.558,3.5934,3.4553,3.3473,3.3275,3.2293,3.0947,2.98,2.9345,2.8395,2.7654,2.6751,2.5956,2.5603,2.459,2.4663,2.4336,2.462
NaN,NaN,NaN,NaN,NaN,NaN,NaN,NaN,NaN,NaN,NaN,NaN,NaN,NaN,NaN,NaN,NaN,NaN,NaN,NaN,NaN,NaN,NaN,NaN,NaN,NaN,NaN,NaN,NaN,NaN,NaN,3.9234,3.6625,3.5158,3.8205,3.1573,3.1315,4.1513,NaN,NaN,NaN,NaN,NaN,NaN,NaN,NaN,NaN,NaN,NaN,NaN,NaN,NaN,NaN,NaN,2.9208,2.993,3.5045,3.3477,3.0164,3.1968,2.6995,2.8797,NaN,NaN,NaN,NaN,NaN,4.5338,4.6326,4.5228,4.541,4.4312,4.0467,3.774,3.7939,3.5898,3.6527,3.4345,3.3684,3.2562,3.1466,3.1031,2.9524,2.9425,2.8015,2.769,2.6255,2.6128,2.5219,2.4652,2.4627,2.4555
